50.01, 0.05, 0
50.02, 0.05, 0
50.03, 0.04, 0
50.04, 0.04, 0
50.05, 0.04, 0
50.06, 0.05, 0
50.07, 0.04, 0
50.08, 0.03, 0
50.09, 0.01, 0
50.10, 0.00, 0
50.11, 0.02, 0
50.12, 0.03, 0
50.13, 0.03, 0
50.14, 0.03, 0
50.16, 0.03, 0
50.16, 0.02, 0
50.17, 0.02, 0
50.18, 0.01, 0
50.19, 0.00, 0
50.20, 0.01, 0
50.21, 0.02, 0
50.22, 0.02, 0
50.23, 0.03, 0
50.24, 0.02, 0
50.25, 0.02, 0
50.26, 0.01, 0
50.27, 0.00, 0
50.28, 0.01, 0
50.29, 0.01, 0
50.30, 0.01, 0
50.31, 0.02, 0
50.32, 0.02, 0
50.33, 0.02, 0
50.34, 0.02, 0
50.35, 0.02, 0
50.36, 0.02, 0
50.37, 0.01, 0
50.38, 0.01, 0
50.39, 0.00, 0
50.40, 0.01, 0
50.41, 0.01, 0
50.42, 0.01, 0
50.43, 0.01, 0
50.44, 0.01, 0
50.45, 0.01, 0
50.46, 0.01, 0
50.47, 0.01, 0
50.48, 0.00, 0
50.49, 0.00, 0
50.50, 0.00, 0
50.51, 0.00, 0
50.52, 0.01, 0
50.53, 0.01, 0
50.54, 0.01, 0
50.55, 0.01, 0
50.56, 0.01, 0
50.57, 0.00, 0
50.58, 0.00, 0
50.59, 0.00, 0
50.60, 0.00, 0
50.61, 0.00, 0
50.62, 0.01, 0
50.63, 0.06, 0
50.64, 0.19, 0
50.65, 0.19, 0
50.66, 0.10, 0
50.67, 0.06, 0
50.68, 0.07, 0
50.69, 0.09, 0
50.70, 0.23, 0
50.71, 0.20, 0
50.72, 0.13, 0
50.73, 0.02, 0
50.74, 0.11, 0
50.75, 0.19, 0
50.76, 0.20, 0
50.77, 0.27, 1
50.78, 0.19, 0
50.79, 0.07, 0
50.80, 0.13, 0
50.81, 0.13, 0
50.82, 0.15, 0
50.83, 0.17, 0
50.84, 0.06, 0
50.86, 0.24, 0
50.86, 0.39, 1
50.87, 0.49, 1
50.88, 0.54, 1
50.89, 0.49, 1
50.90, 0.42, 1
50.91, 0.37, 1
50.92, 0.21, 0
50.93, 0.09, 0
50.94, 0.01, 0
50.95, 0.07, 0
50.96, 0.18, 0
50.97, 0.21, 0
50.98, 0.24, 0
50.99, 0.24, 0
51.00, 0.26, 1
51.01, 0.24, 0
51.02, 0.21, 0
51.03, 0.18, 0
51.04, 0.16, 0
51.05, 0.12, 0
51.06, 0.14, 0
51.07, 0.08, 0
51.08, 0.12, 0
51.09, 0.16, 0
51.10, 0.21, 0
51.11, 0.25, 0
51.12, 0.16, 0
51.13, 0.22, 0
51.14, 0.11, 0
51.15, 0.11, 0
51.16, 0.20, 0
51.17, 0.32, 1
51.18, 0.31, 1
51.19, 0.37, 1
51.20, 0.30, 1
51.22, 0.24, 0
51.22, 0.17, 0
51.23, 0.07, 0
51.24, 0.05, 0
51.25, 0.01, 0
51.26, 0.11, 0
51.27, 0.14, 0
51.28, 0.15, 0
51.29, 0.14, 0
51.30, 0.16, 0
51.31, 0.17, 0
51.32, 0.12, 0
51.33, 0.06, 0
51.34, 0.06, 0
51.35, 0.18, 0
51.36, 0.26, 1
51.37, 0.29, 1
51.38, 0.35, 1
51.39, 0.39, 1
51.40, 0.37, 1
51.41, 0.37, 1
51.42, 0.38, 1
51.43, 0.28, 1
51.44, 0.19, 0
51.45, 0.14, 0
51.46, 0.12, 0
51.47, 0.11, 0
51.48, 0.13, 0
51.49, 0.07, 0
51.50, 0.07, 0
51.51, 0.06, 0
51.52, 0.06, 0
51.53, 0.22, 0
51.54, 0.15, 0
51.55, 0.17, 0
51.57, 0.21, 0
51.57, 0.09, 0
51.58, 0.15, 0
51.59, 0.15, 0
51.60, 0.10, 0
51.61, 0.10, 0
51.62, 0.17, 0
51.63, 0.16, 0
51.64, 0.18, 0
51.65, 0.21, 0
51.66, 0.21, 0
51.67, 0.26, 1
51.68, 0.26, 1
51.69, 0.30, 1
51.70, 0.33, 1
51.71, 0.42, 1
51.72, 0.35, 1
51.73, 0.32, 1
51.74, 0.33, 1
51.75, 0.28, 1
51.76, 0.22, 0
51.77, 0.22, 0
51.78, 0.21, 0
51.79, 0.20, 0
51.80, 0.16, 0
51.81, 0.12, 0
51.82, 0.12, 0
51.83, 0.13, 0
51.84, 0.15, 0
51.85, 0.12, 0
51.86, 0.17, 0
51.87, 0.19, 0
51.88, 0.22, 0
51.89, 0.17, 0
51.90, 0.15, 0
51.91, 0.10, 0
51.92, 0.10, 0
51.93, 0.03, 0
51.94, 0.04, 0
51.95, 0.02, 0
51.96, 0.05, 0
51.97, 0.02, 0
51.98, 0.04, 0
51.99, 0.08, 0
52.00, 0.07, 0
52.01, 0.10, 0
52.02, 0.07, 0
52.03, 0.05, 0
52.04, 0.10, 0
52.05, 0.03, 0
52.06, 0.06, 0
52.07, 0.01, 0
52.08, 0.02, 0
52.09, 0.01, 0
52.10, 0.05, 0
52.11, 0.06, 0
52.12, 0.04, 0
52.13, 0.07, 0
52.14, 0.02, 0
52.15, 0.04, 0
52.16, 0.01, 0
52.17, 0.04, 0
52.18, 0.07, 0
52.19, 0.11, 0
52.20, 0.10, 0
52.21, 0.19, 0
52.22, 0.12, 0
52.23, 0.15, 0
52.24, 0.16, 0
52.26, 0.10, 0
52.26, 0.15, 0
52.27, 0.10, 0
52.28, 0.08, 0
52.29, 0.06, 0
52.30, 0.03, 0
52.31, 0.02, 0
52.32, 0.09, 0
52.33, 0.06, 0
52.34, 0.06, 0
52.35, 0.08, 0
52.36, 0.11, 0
52.37, 0.13, 0
52.38, 0.10, 0
52.39, 0.08, 0
52.40, 0.09, 0
52.41, 0.05, 0
52.42, 0.04, 0
52.43, 0.03, 0
52.44, 0.03, 0
52.45, 0.05, 0
52.46, 0.06, 0
52.47, 0.06, 0
52.48, 0.15, 0
52.49, 0.18, 0
52.50, 0.16, 0
52.51, 0.13, 0
52.52, 0.18, 0
52.53, 0.16, 0
52.54, 0.14, 0
52.55, 0.19, 0
52.56, 0.07, 0
52.57, 0.07, 0
52.58, 0.05, 0
52.59, 0.10, 0
52.60, 0.09, 0
52.61, 0.19, 0
52.63, 0.11, 0
52.63, 0.12, 0
52.64, 0.11, 0
52.65, 0.04, 0
52.66, 0.08, 0
52.67, 0.15, 0
52.68, 0.13, 0
52.69, 0.07, 0
52.70, 0.05, 0
52.71, 0.04, 0
52.72, 0.06, 0
52.73, 0.12, 0
52.74, 0.09, 0
52.75, 0.12, 0
52.76, 0.17, 0
52.77, 0.17, 0
52.78, 0.18, 0
52.79, 0.18, 0
52.80, 0.19, 0
52.81, 0.19, 0
52.82, 0.13, 0
52.83, 0.16, 0
52.84, 0.19, 0
52.85, 0.17, 0
52.86, 0.11, 0
52.87, 0.17, 0
52.88, 0.07, 0
52.89, 0.10, 0
52.90, 0.09, 0
52.91, 0.10, 0
52.92, 0.05, 0
52.93, 0.09, 0
52.94, 0.11, 0
52.95, 0.13, 0
52.96, 0.12, 0
52.98, 0.07, 0
52.98, 0.01, 0
52.99, 0.03, 0
53.00, 0.13, 0
53.01, 0.20, 0
53.02, 0.16, 0
53.03, 0.19, 0
53.04, 0.20, 0
53.05, 0.16, 0
53.06, 0.13, 0
53.07, 0.13, 0
53.08, 0.10, 0
53.09, 0.12, 0
53.10, 0.06, 0
53.11, 0.11, 0
53.12, 0.10, 0
53.13, 0.08, 0
53.14, 0.05, 0
53.15, 0.07, 0
53.16, 0.07, 0
53.17, 0.03, 0
53.18, 0.04, 0
53.19, 0.09, 0
53.20, 0.14, 0
53.21, 0.16, 0
53.22, 0.13, 0
53.23, 0.06, 0
53.24, 0.10, 0
53.25, 0.02, 0
53.26, 0.03, 0
53.27, 0.04, 0
53.28, 0.09, 0
53.29, 0.10, 0
53.30, 0.06, 0
53.32, 0.12, 0
53.32, 0.15, 0
53.33, 0.11, 0
53.34, 0.13, 0
53.35, 0.12, 0
53.36, 0.09, 0
53.37, 0.14, 0
53.38, 0.12, 0
53.39, 0.14, 0
53.40, 0.18, 0
53.41, 0.09, 0
53.42, 0.02, 0
53.43, 0.01, 0
53.44, 0.04, 0
53.45, 0.08, 0
53.46, 0.12, 0
53.47, 0.15, 0
53.48, 0.17, 0
53.49, 0.20, 0
53.50, 0.16, 0
53.51, 0.11, 0
53.52, 0.09, 0
53.53, 0.11, 0
53.54, 0.11, 0
53.55, 0.12, 0
53.56, 0.22, 0
53.57, 0.21, 0
53.58, 0.19, 0
53.59, 0.16, 0
53.60, 0.12, 0
53.61, 0.13, 0
53.62, 0.11, 0
53.63, 0.14, 0
53.64, 0.17, 0
53.65, 0.19, 0
53.66, 0.14, 0
53.67, 0.16, 0
53.68, 0.20, 0
53.69, 0.18, 0
53.70, 0.21, 0
53.71, 0.23, 0
53.72, 0.20, 0
53.73, 0.21, 0
53.74, 0.15, 0
53.75, 0.15, 0
53.76, 0.07, 0
53.77, 0.02, 0
53.78, 0.01, 0
53.79, 0.07, 0
53.80, 0.14, 0
53.81, 0.17, 0
53.82, 0.15, 0
53.83, 0.18, 0
53.84, 0.20, 0
53.85, 0.15, 0
53.86, 0.11, 0
53.87, 0.13, 0
53.88, 0.11, 0
53.89, 0.12, 0
53.90, 0.16, 0
53.91, 0.13, 0
53.92, 0.15, 0
53.93, 0.18, 0
53.94, 0.24, 0
53.95, 0.23, 0
53.96, 0.18, 0
53.97, 0.12, 0
53.98, 0.06, 0
53.99, 0.04, 0
54.00, 0.13, 0
54.01, 0.10, 0
54.02, 0.10, 0
54.03, 0.09, 0
54.04, 0.12, 0
54.05, 0.12, 0
54.06, 0.11, 0
54.07, 0.08, 0
54.08, 0.12, 0
54.09, 0.11, 0
54.10, 0.05, 0
54.11, 0.02, 0
54.12, 0.11, 0
54.13, 0.02, 0
54.14, 0.02, 0
54.15, 0.04, 0
54.16, 0.09, 0
54.17, 0.14, 0
54.18, 0.11, 0
54.19, 0.11, 0
54.20, 0.12, 0
54.21, 0.12, 0
54.22, 0.07, 0
54.23, 0.07, 0
54.24, 0.14, 0
54.25, 0.17, 0
54.26, 0.18, 0
54.27, 0.15, 0
54.28, 0.18, 0
54.29, 0.19, 0
54.30, 0.14, 0
54.31, 0.11, 0
54.32, 0.14, 0
54.33, 0.20, 0
54.34, 0.16, 0
54.35, 0.12, 0
54.36, 0.06, 0
54.37, 0.08, 0
54.38, 0.08, 0
54.39, 0.13, 0
54.40, 0.18, 0
54.41, 0.07, 0
54.42, 0.14, 0
54.43, 0.14, 0
54.44, 0.06, 0
54.45, 0.05, 0
54.46, 0.04, 0
54.47, 0.03, 0
54.48, 0.09, 0
54.49, 0.10, 0
54.50, 0.01, 0
54.51, 0.08, 0
54.52, 0.08, 0
54.53, 0.14, 0
54.54, 0.19, 0
54.55, 0.21, 0
54.56, 0.17, 0
54.57, 0.20, 0
54.58, 0.14, 0
54.59, 0.15, 0
54.60, 0.14, 0
54.61, 0.12, 0
54.62, 0.09, 0
54.63, 0.12, 0
54.64, 0.10, 0
54.65, 0.11, 0
54.66, 0.17, 0
54.67, 0.10, 0
54.68, 0.11, 0
54.69, 0.13, 0
54.70, 0.15, 0
54.71, 0.17, 0
54.73, 0.23, 0
54.73, 0.26, 1
54.74, 0.15, 0
54.75, 0.23, 0
54.76, 0.16, 0
54.77, 0.11, 0
54.78, 0.03, 0
54.79, 0.04, 0
54.80, 0.14, 0
54.81, 0.11, 0
54.82, 0.10, 0
54.83, 0.13, 0
54.84, 0.17, 0
54.85, 0.14, 0
54.86, 0.07, 0
54.87, 0.09, 0
54.88, 0.09, 0
54.89, 0.05, 0
54.90, 0.05, 0
54.91, 0.05, 0
54.92, 0.12, 0
54.93, 0.08, 0
54.94, 0.11, 0
54.95, 0.13, 0
54.96, 0.13, 0
54.97, 0.10, 0
54.98, 0.08, 0
54.99, 0.15, 0
55.00, 0.06, 0
55.01, 0.12, 0
55.02, 0.12, 0
55.03, 0.08, 0
55.04, 0.06, 0
55.05, 0.13, 0
55.06, 0.15, 0
55.07, 0.10, 0
55.09, 0.11, 0
55.09, 0.18, 0
55.10, 0.17, 0
55.11, 0.15, 0
55.12, 0.13, 0
55.13, 0.14, 0
55.14, 0.09, 0
55.15, 0.03, 0
55.16, 0.05, 0
55.17, 0.02, 0
55.18, 0.04, 0
55.19, 0.06, 0
55.20, 0.05, 0
55.21, 0.12, 0
55.22, 0.09, 0
55.23, 0.04, 0
55.24, 0.06, 0
55.25, 0.12, 0
55.26, 0.06, 0
55.27, 0.05, 0
55.28, 0.04, 0
55.29, 0.08, 0
55.30, 0.06, 0
55.31, 0.07, 0
55.32, 0.10, 0
55.33, 0.14, 0
55.34, 0.12, 0
55.35, 0.17, 0
55.36, 0.17, 0
55.37, 0.14, 0
55.38, 0.09, 0
55.39, 0.10, 0
55.40, 0.06, 0
55.41, 0.13, 0
55.42, 0.15, 0
55.44, 0.07, 0
55.44, 0.09, 0
55.45, 0.03, 0
55.46, 0.02, 0
55.47, 0.06, 0
55.48, 0.08, 0
55.49, 0.09, 0
55.50, 0.01, 0
55.51, 0.11, 0
55.52, 0.11, 0
55.53, 0.09, 0
55.54, 0.13, 0
55.55, 0.09, 0
55.56, 0.05, 0
55.57, 0.09, 0
55.58, 0.05, 0
55.59, 0.11, 0
55.60, 0.07, 0
55.61, 0.06, 0
55.62, 0.02, 0
55.63, 0.09, 0
55.64, 0.04, 0
55.65, 0.08, 0
55.66, 0.09, 0
55.67, 0.01, 0
55.68, 0.05, 0
55.69, 0.13, 0
55.70, 0.10, 0
55.71, 0.08, 0
55.72, 0.10, 0
55.73, 0.12, 0
55.74, 0.09, 0
55.75, 0.04, 0
55.76, 0.06, 0
55.77, 0.06, 0
55.78, 0.06, 0
55.79, 0.03, 0
55.80, 0.06, 0
55.81, 0.12, 0
55.82, 0.12, 0
55.83, 0.12, 0
55.84, 0.13, 0
55.85, 0.21, 0
55.86, 0.17, 0
55.87, 0.10, 0
55.88, 0.15, 0
55.89, 0.19, 0
55.90, 0.06, 0
55.91, 0.00, 0
55.92, 0.03, 0
55.93, 0.06, 0
55.94, 0.06, 0
55.95, 0.07, 0
55.96, 0.04, 0
55.97, 0.07, 0
55.98, 0.07, 0
55.99, 0.02, 0
56.00, 0.07, 0
56.01, 0.03, 0
56.02, 0.10, 0
56.03, 0.12, 0
56.04, 0.12, 0
56.05, 0.12, 0
56.06, 0.13, 0
56.07, 0.08, 0
56.08, 0.03, 0
56.09, 0.08, 0
56.10, 0.07, 0
56.11, 0.07, 0
56.12, 0.08, 0
56.14, 0.02, 0
56.14, 0.06, 0
56.15, 0.05, 0
56.16, 0.07, 0
56.17, 0.05, 0
56.18, 0.14, 0
56.19, 0.12, 0
56.20, 0.10, 0
56.21, 0.12, 0
56.22, 0.02, 0
56.23, 0.06, 0
56.24, 0.08, 0
56.25, 0.02, 0
56.26, 0.06, 0
56.27, 0.09, 0
56.28, 0.07, 0
56.29, 0.06, 0
56.30, 0.06, 0
56.31, 0.07, 0
56.32, 0.11, 0
56.33, 0.11, 0
56.34, 0.10, 0
56.35, 0.17, 0
56.36, 0.18, 0
56.37, 0.15, 0
56.38, 0.10, 0
56.39, 0.12, 0
56.40, 0.11, 0
56.41, 0.02, 0
56.42, 0.03, 0
56.43, 0.01, 0
56.44, 0.05, 0
56.45, 0.08, 0
56.46, 0.08, 0
56.47, 0.03, 0
56.48, 0.01, 0
56.50, 0.03, 0
56.50, 0.08, 0
56.51, 0.02, 0
56.52, 0.03, 0
56.53, 0.07, 0
56.54, 0.04, 0
56.55, 0.07, 0
56.56, 0.07, 0
56.57, 0.05, 0
56.58, 0.04, 0
56.59, 0.02, 0
56.60, 0.02, 0
56.61, 0.05, 0
56.62, 0.01, 0
56.63, 0.02, 0
56.64, 0.06, 0
56.65, 0.10, 0
56.66, 0.15, 0
56.67, 0.16, 0
56.68, 0.19, 0
56.69, 0.19, 0
56.70, 0.16, 0
56.71, 0.14, 0
56.72, 0.11, 0
56.73, 0.17, 0
56.74, 0.18, 0
56.75, 0.20, 0
56.76, 0.19, 0
56.77, 0.15, 0
56.78, 0.16, 0
56.79, 0.09, 0
56.80, 0.05, 0
56.81, 0.06, 0
56.82, 0.07, 0
56.83, 0.06, 0
56.85, 0.04, 0
56.85, 0.03, 0
56.86, 0.04, 0
56.87, 0.05, 0
56.88, 0.05, 0
56.89, 0.10, 0
56.90, 0.11, 0
56.91, 0.15, 0
56.92, 0.14, 0
56.93, 0.18, 0
56.94, 0.10, 0
56.95, 0.11, 0
56.96, 0.09, 0
56.97, 0.09, 0
56.98, 0.06, 0
56.99, 0.07, 0
57.00, 0.04, 0
57.01, 0.04, 0
57.02, 0.06, 0
57.03, 0.03, 0
57.04, 0.07, 0
57.05, 0.03, 0
57.06, 0.03, 0
57.07, 0.03, 0
57.08, 0.03, 0
57.09, 0.00, 0
57.10, 0.06, 0
57.11, 0.05, 0
57.12, 0.05, 0
57.13, 0.07, 0
57.14, 0.06, 0
57.15, 0.08, 0
57.16, 0.23, 0
57.17, 0.22, 0
57.18, 0.19, 0
57.19, 0.27, 1
57.20, 0.19, 0
57.21, 0.23, 0
57.22, 0.18, 0
57.23, 0.14, 0
57.24, 0.10, 0
57.25, 0.13, 0
57.26, 0.06, 0
57.27, 0.05, 0
57.28, 0.11, 0
57.29, 0.08, 0
57.30, 0.13, 0
57.31, 0.12, 0
57.32, 0.10, 0
57.33, 0.11, 0
57.34, 0.05, 0
57.35, 0.08, 0
57.36, 0.11, 0
57.37, 0.11, 0
57.38, 0.15, 0
57.39, 0.14, 0
57.40, 0.11, 0
57.41, 0.16, 0
57.42, 0.17, 0
57.43, 0.08, 0
57.44, 0.04, 0
57.45, 0.08, 0
57.46, 0.09, 0
57.47, 0.06, 0
57.48, 0.09, 0
57.49, 0.06, 0
57.50, 0.06, 0
57.51, 0.06, 0
57.52, 0.05, 0
57.53, 0.03, 0
57.54, 0.15, 0
57.55, 0.12, 0
57.56, 0.05, 0
57.57, 0.08, 0
57.58, 0.11, 0
57.59, 0.08, 0
57.60, 0.10, 0
57.61, 0.07, 0
57.62, 0.08, 0
57.63, 0.10, 0
57.64, 0.14, 0
57.65, 0.11, 0
57.66, 0.10, 0
57.67, 0.01, 0
57.68, 0.07, 0
57.69, 0.09, 0
57.70, 0.06, 0
57.71, 0.05, 0
57.72, 0.02, 0
57.73, 0.06, 0
57.74, 0.02, 0
57.75, 0.07, 0
57.76, 0.04, 0
57.77, 0.07, 0
57.78, 0.08, 0
57.79, 0.05, 0
57.80, 0.10, 0
57.81, 0.05, 0
57.82, 0.08, 0
57.83, 0.12, 0
57.84, 0.11, 0
57.85, 0.10, 0
57.86, 0.11, 0
57.87, 0.12, 0
57.88, 0.07, 0
57.89, 0.06, 0
57.91, 0.08, 0
57.91, 0.08, 0
57.92, 0.12, 0
57.93, 0.11, 0
57.94, 0.10, 0
57.95, 0.06, 0
57.96, 0.02, 0
57.97, 0.04, 0
57.98, 0.01, 0
57.99, 0.05, 0
58.00, 0.06, 0
58.01, 0.07, 0
58.02, 0.09, 0
58.03, 0.03, 0
58.04, 0.09, 0
58.05, 0.08, 0
58.06, 0.01, 0
58.07, 0.05, 0
58.08, 0.09, 0
58.09, 0.15, 0
58.10, 0.17, 0
58.11, 0.18, 0
58.12, 0.24, 0
58.13, 0.15, 0
58.14, 0.11, 0
58.15, 0.13, 0
58.16, 0.07, 0
58.17, 0.07, 0
58.18, 0.09, 0
58.19, 0.07, 0
58.20, 0.04, 0
58.21, 0.09, 0
58.22, 0.13, 0
58.23, 0.08, 0
58.24, 0.13, 0
58.26, 0.11, 0
58.26, 0.02, 0
58.27, 0.06, 0
58.28, 0.07, 0
58.29, 0.14, 0
58.30, 0.14, 0
58.31, 0.11, 0
58.32, 0.05, 0
58.33, 0.07, 0
58.34, 0.08, 0
58.35, 0.07, 0
58.36, 0.05, 0
58.37, 0.09, 0
58.38, 0.10, 0
58.39, 0.06, 0
58.40, 0.03, 0
58.41, 0.06, 0
58.42, 0.06, 0
58.43, 0.09, 0
58.44, 0.11, 0
58.45, 0.11, 0
58.46, 0.15, 0
58.47, 0.10, 0
58.48, 0.16, 0
58.49, 0.09, 0
58.50, 0.05, 0
58.51, 0.09, 0
58.52, 0.11, 0
58.53, 0.11, 0
58.54, 0.10, 0
58.55, 0.14, 0
58.56, 0.12, 0
58.57, 0.08, 0
58.58, 0.09, 0
58.60, 0.18, 0
58.60, 0.13, 0
58.61, 0.06, 0
58.62, 0.12, 0
58.63, 0.17, 0
58.64, 0.15, 0
58.65, 0.13, 0
58.66, 0.12, 0
58.67, 0.14, 0
58.68, 0.11, 0
58.69, 0.02, 0
58.70, 0.02, 0
58.71, 0.03, 0
58.72, 0.13, 0
58.73, 0.08, 0
58.74, 0.11, 0
58.75, 0.21, 0
58.76, 0.11, 0
58.77, 0.12, 0
58.78, 0.11, 0
58.79, 0.03, 0
58.80, 0.06, 0
58.81, 0.07, 0
58.82, 0.08, 0
58.83, 0.03, 0
58.84, 0.08, 0
58.85, 0.12, 0
58.86, 0.13, 0
58.87, 0.09, 0
58.88, 0.07, 0
58.89, 0.10, 0
58.90, 0.07, 0
58.91, 0.07, 0
58.92, 0.08, 0
58.93, 0.06, 0
58.94, 0.10, 0
58.95, 0.17, 0
58.96, 0.16, 0
58.97, 0.12, 0
58.98, 0.14, 0
58.99, 0.17, 0
59.00, 0.12, 0
59.01, 0.07, 0
59.02, 0.05, 0
59.03, 0.04, 0
59.04, 0.02, 0
59.05, 0.04, 0
59.06, 0.06, 0
59.07, 0.04, 0
59.08, 0.08, 0
59.09, 0.08, 0
59.10, 0.05, 0
59.11, 0.06, 0
59.12, 0.05, 0
59.13, 0.06, 0
59.14, 0.12, 0
59.15, 0.10, 0
59.16, 0.10, 0
59.17, 0.19, 0
59.18, 0.12, 0
59.19, 0.07, 0
59.20, 0.06, 0
59.21, 0.04, 0
59.22, 0.06, 0
59.23, 0.07, 0
59.24, 0.09, 0
59.25, 0.06, 0
59.26, 0.06, 0
59.27, 0.11, 0
59.28, 0.09, 0
59.29, 0.05, 0
59.31, 0.19, 0
59.31, 0.16, 0
59.32, 0.22, 0
59.33, 0.18, 0
59.34, 0.14, 0
59.35, 0.12, 0
59.36, 0.06, 0
59.37, 0.03, 0
59.38, 0.09, 0
59.39, 0.06, 0
59.40, 0.10, 0
59.41, 0.09, 0
59.42, 0.01, 0
59.43, 0.05, 0
59.44, 0.04, 0
59.45, 0.05, 0
59.46, 0.03, 0
59.47, 0.03, 0
59.48, 0.03, 0
59.49, 0.12, 0
59.50, 0.09, 0
59.51, 0.10, 0
59.52, 0.10, 0
59.53, 0.12, 0
59.54, 0.15, 0
59.55, 0.15, 0
59.56, 0.14, 0
59.57, 0.11, 0
59.58, 0.07, 0
59.59, 0.05, 0
59.60, 0.04, 0
59.61, 0.05, 0
59.62, 0.09, 0
59.63, 0.14, 0
59.64, 0.08, 0
59.65, 0.15, 0
59.66, 0.07, 0
59.67, 0.08, 0
59.68, 0.04, 0
59.69, 0.02, 0
59.70, 0.05, 0
59.71, 0.04, 0
59.72, 0.08, 0
59.73, 0.07, 0
59.74, 0.12, 0
59.75, 0.13, 0
59.76, 0.16, 0
59.77, 0.20, 0
59.78, 0.20, 0
59.79, 0.21, 0
59.80, 0.24, 0
59.81, 0.17, 0
59.82, 0.09, 0
59.83, 0.12, 0
59.84, 0.14, 0
59.85, 0.23, 0
59.86, 0.25, 0
59.87, 0.19, 0
59.88, 0.21, 0
59.89, 0.14, 0
59.90, 0.15, 0
59.91, 0.17, 0
59.92, 0.17, 0
59.93, 0.12, 0
59.94, 0.13, 0
59.95, 0.03, 0
59.96, 0.08, 0
59.97, 0.06, 0
59.98, 0.07, 0
59.99, 0.06, 0
60.01, 0.10, 0
60.01, 0.08, 0
60.02, 0.04, 0
60.03, 0.05, 0
60.04, 0.08, 0
60.05, 0.02, 0
60.06, 0.10, 0
60.07, 0.08, 0
60.08, 0.07, 0
60.09, 0.07, 0
60.10, 0.04, 0
60.11, 0.13, 0
60.12, 0.22, 0
60.13, 0.21, 0
60.14, 0.18, 0
60.15, 0.20, 0
60.16, 0.26, 1
60.17, 0.19, 0
60.18, 0.06, 0
60.19, 0.06, 0
60.20, 0.09, 0
60.21, 0.06, 0
60.22, 0.02, 0
60.23, 0.09, 0
60.24, 0.14, 0
60.25, 0.15, 0
60.26, 0.12, 0
60.27, 0.16, 0
60.28, 0.20, 0
60.29, 0.27, 1
60.30, 0.18, 0
60.31, 0.28, 1
60.32, 0.23, 0
60.33, 0.23, 0
60.34, 0.25, 1
60.35, 0.13, 0
60.37, 0.19, 0
60.37, 0.11, 0
60.38, 0.10, 0
60.39, 0.01, 0
60.40, 0.04, 0
60.41, 0.04, 0
60.42, 0.13, 0
60.43, 0.13, 0
60.44, 0.08, 0
60.45, 0.08, 0
60.46, 0.12, 0
60.47, 0.07, 0
60.48, 0.16, 0
60.49, 0.11, 0
60.50, 0.10, 0
60.51, 0.09, 0
60.52, 0.04, 0
60.53, 0.12, 0
60.54, 0.27, 1
60.55, 0.35, 1
60.56, 0.37, 1
60.57, 0.43, 1
60.58, 0.45, 1
60.59, 0.37, 1
60.60, 0.30, 1
60.61, 0.33, 1
60.62, 0.28, 1
60.63, 0.30, 1
60.64, 0.34, 1
60.65, 0.33, 1
60.66, 0.29, 1
60.67, 0.30, 1
60.68, 0.21, 0
60.69, 0.20, 0
60.70, 0.12, 0
60.72, 0.05, 0
60.72, 0.04, 0
60.73, 0.02, 0
60.74, 0.01, 0
60.75, 0.09, 0
60.76, 0.14, 0
60.77, 0.13, 0
60.78, 0.10, 0
60.79, 0.13, 0
60.80, 0.11, 0
60.81, 0.10, 0
60.82, 0.20, 0
60.83, 0.15, 0
60.84, 0.12, 0
60.85, 0.20, 0
60.86, 0.09, 0
60.87, 0.10, 0
60.88, 0.15, 0
60.89, 0.13, 0
60.90, 0.23, 0
60.91, 0.18, 0
60.92, 0.24, 0
60.93, 0.17, 0
60.94, 0.15, 0
60.95, 0.14, 0
60.96, 0.14, 0
60.97, 0.10, 0
60.98, 0.08, 0
60.99, 0.07, 0
61.00, 0.07, 0
61.01, 0.03, 0
61.02, 0.01, 0
61.03, 0.05, 0
61.04, 0.00, 0
61.05, 0.09, 0
61.06, 0.02, 0
61.07, 0.04, 0
61.08, 0.06, 0
61.09, 0.10, 0
61.10, 0.12, 0
61.11, 0.15, 0
61.12, 0.14, 0
61.13, 0.08, 0
61.14, 0.09, 0
61.15, 0.14, 0
61.16, 0.10, 0
61.17, 0.09, 0
61.18, 0.06, 0
61.19, 0.10, 0
61.20, 0.07, 0
61.21, 0.06, 0
61.22, 0.08, 0
61.23, 0.05, 0
61.24, 0.11, 0
61.25, 0.17, 0
61.26, 0.12, 0
61.27, 0.03, 0
61.28, 0.08, 0
61.29, 0.14, 0
61.30, 0.06, 0
61.31, 0.06, 0
61.32, 0.02, 0
61.33, 0.01, 0
61.34, 0.05, 0
61.35, 0.06, 0
61.36, 0.10, 0
61.37, 0.09, 0
61.38, 0.10, 0
61.39, 0.07, 0
61.40, 0.04, 0
61.42, 0.05, 0
61.42, 0.07, 0
61.44, 0.10, 0
61.44, 0.13, 0
61.45, 0.08, 0
61.46, 0.08, 0
61.47, 0.12, 0
61.48, 0.11, 0
61.49, 0.06, 0
61.50, 0.07, 0
61.51, 0.03, 0
61.52, 0.04, 0
61.53, 0.05, 0
61.54, 0.05, 0
61.55, 0.07, 0
61.56, 0.06, 0
61.57, 0.03, 0
61.58, 0.08, 0
61.59, 0.07, 0
61.60, 0.06, 0
61.61, 0.02, 0
61.62, 0.04, 0
61.63, 0.07, 0
61.64, 0.01, 0
61.65, 0.05, 0
61.66, 0.04, 0
61.67, 0.08, 0
61.68, 0.08, 0
61.69, 0.09, 0
61.70, 0.10, 0
61.71, 0.13, 0
61.72, 0.09, 0
61.73, 0.03, 0
61.74, 0.07, 0
61.75, 0.05, 0
61.76, 0.03, 0
61.78, 0.10, 0
61.78, 0.11, 0
61.79, 0.10, 0
61.80, 0.08, 0
61.81, 0.12, 0
61.82, 0.07, 0
61.83, 0.07, 0
61.84, 0.13, 0
61.85, 0.10, 0
61.86, 0.09, 0
61.87, 0.11, 0
61.88, 0.06, 0
61.89, 0.06, 0
61.90, 0.08, 0
61.91, 0.21, 0
61.92, 0.17, 0
61.93, 0.13, 0
61.94, 0.14, 0
61.95, 0.07, 0
61.96, 0.07, 0
61.97, 0.14, 0
61.98, 0.16, 0
61.99, 0.12, 0
62.00, 0.09, 0
62.01, 0.11, 0
62.02, 0.15, 0
62.03, 0.12, 0
62.04, 0.18, 0
62.05, 0.15, 0
62.06, 0.14, 0
62.07, 0.06, 0
62.08, 0.08, 0
62.09, 0.09, 0
62.10, 0.12, 0
62.11, 0.11, 0
62.13, 0.14, 0
62.13, 0.09, 0
62.14, 0.09, 0
62.15, 0.14, 0
62.16, 0.16, 0
62.17, 0.08, 0
62.18, 0.08, 0
62.19, 0.17, 0
62.20, 0.08, 0
62.21, 0.19, 0
62.22, 0.08, 0
62.23, 0.08, 0
62.24, 0.03, 0
62.25, 0.05, 0
62.26, 0.01, 0
62.27, 0.07, 0
62.28, 0.08, 0
62.29, 0.06, 0
62.30, 0.09, 0
62.31, 0.12, 0
62.32, 0.15, 0
62.33, 0.13, 0
62.34, 0.11, 0
62.35, 0.07, 0
62.36, 0.09, 0
62.37, 0.05, 0
62.38, 0.07, 0
62.39, 0.16, 0
62.40, 0.22, 0
62.41, 0.21, 0
62.42, 0.15, 0
62.43, 0.16, 0
62.44, 0.19, 0
62.45, 0.11, 0
62.46, 0.15, 0
62.47, 0.12, 0
62.48, 0.11, 0
62.49, 0.05, 0
62.50, 0.09, 0
62.51, 0.09, 0
62.52, 0.07, 0
62.53, 0.08, 0
62.54, 0.08, 0
62.55, 0.10, 0
62.56, 0.06, 0
62.57, 0.12, 0
62.58, 0.15, 0
62.59, 0.16, 0
62.60, 0.20, 0
62.61, 0.11, 0
62.62, 0.13, 0
62.63, 0.07, 0
62.64, 0.09, 0
62.65, 0.16, 0
62.66, 0.16, 0
62.67, 0.12, 0
62.68, 0.12, 0
62.69, 0.10, 0
62.70, 0.15, 0
62.71, 0.13, 0
62.72, 0.09, 0
62.73, 0.10, 0
62.74, 0.05, 0
62.75, 0.01, 0
62.76, 0.08, 0
62.77, 0.10, 0
62.78, 0.08, 0
62.79, 0.07, 0
62.80, 0.04, 0
62.81, 0.01, 0
62.82, 0.07, 0
62.83, 0.08, 0
62.84, 0.09, 0
62.85, 0.13, 0
62.86, 0.12, 0
62.87, 0.10, 0
62.88, 0.11, 0
62.89, 0.07, 0
62.90, 0.05, 0
62.91, 0.01, 0
62.92, 0.06, 0
62.93, 0.10, 0
62.94, 0.13, 0
62.95, 0.13, 0
62.96, 0.18, 0
62.97, 0.11, 0
62.98, 0.06, 0
62.99, 0.08, 0
63.00, 0.02, 0
63.01, 0.03, 0
63.02, 0.02, 0
63.03, 0.01, 0
63.04, 0.04, 0
63.05, 0.04, 0
63.06, 0.03, 0
63.07, 0.03, 0
63.08, 0.01, 0
63.09, 0.02, 0
63.10, 0.02, 0
63.11, 0.05, 0
63.12, 0.08, 0
63.13, 0.13, 0
63.14, 0.08, 0
63.15, 0.09, 0
63.16, 0.15, 0
63.17, 0.17, 0
63.19, 0.15, 0
63.19, 0.11, 0
63.20, 0.12, 0
63.21, 0.11, 0
63.22, 0.06, 0
63.23, 0.01, 0
63.24, 0.03, 0
63.25, 0.02, 0
63.26, 0.03, 0
63.27, 0.02, 0
63.28, 0.01, 0
63.29, 0.05, 0
63.30, 0.03, 0
63.31, 0.03, 0
63.32, 0.03, 0
63.33, 0.02, 0
63.34, 0.04, 0
63.35, 0.02, 0
63.36, 0.09, 0
63.37, 0.16, 0
63.38, 0.13, 0
63.39, 0.12, 0
63.40, 0.12, 0
63.41, 0.14, 0
63.42, 0.14, 0
63.43, 0.14, 0
63.44, 0.11, 0
63.45, 0.12, 0
63.46, 0.06, 0
63.47, 0.06, 0
63.48, 0.10, 0
63.49, 0.10, 0
63.50, 0.11, 0
63.51, 0.12, 0
63.52, 0.12, 0
63.54, 0.16, 0
63.54, 0.07, 0
63.55, 0.09, 0
63.56, 0.06, 0
63.57, 0.07, 0
63.58, 0.11, 0
63.59, 0.10, 0
63.60, 0.16, 0
63.61, 0.20, 0
63.62, 0.22, 0
63.63, 0.15, 0
63.64, 0.17, 0
63.65, 0.19, 0
63.66, 0.15, 0
63.67, 0.05, 0
63.68, 0.06, 0
63.69, 0.17, 0
63.70, 0.11, 0
63.71, 0.17, 0
63.72, 0.19, 0
63.73, 0.12, 0
63.74, 0.08, 0
63.75, 0.11, 0
63.76, 0.11, 0
63.77, 0.09, 0
63.78, 0.13, 0
63.79, 0.12, 0
63.80, 0.15, 0
63.81, 0.11, 0
63.82, 0.05, 0
63.83, 0.05, 0
63.84, 0.08, 0
63.85, 0.12, 0
63.86, 0.17, 0
63.88, 0.19, 0
63.88, 0.21, 0
63.89, 0.15, 0
63.90, 0.15, 0
63.91, 0.13, 0
63.92, 0.07, 0
63.93, 0.08, 0
63.94, 0.02, 0
63.95, 0.09, 0
63.96, 0.11, 0
63.97, 0.13, 0
63.98, 0.13, 0
63.99, 0.11, 0
64.00, 0.09, 0
64.01, 0.13, 0
64.02, 0.14, 0
64.03, 0.13, 0
64.04, 0.17, 0
64.05, 0.17, 0
64.06, 0.18, 0
64.07, 0.08, 0
64.08, 0.08, 0
64.09, 0.01, 0
64.10, 0.04, 0
64.11, 0.05, 0
64.12, 0.15, 0
64.13, 0.12, 0
64.14, 0.16, 0
64.15, 0.11, 0
64.16, 0.12, 0
64.17, 0.08, 0
64.18, 0.05, 0
64.19, 0.12, 0
64.20, 0.09, 0
64.21, 0.09, 0
64.22, 0.09, 0
64.23, 0.10, 0
64.24, 0.06, 0
64.25, 0.03, 0
64.26, 0.02, 0
64.27, 0.02, 0
64.28, 0.04, 0
64.29, 0.08, 0
64.30, 0.07, 0
64.31, 0.08, 0
64.32, 0.09, 0
64.33, 0.05, 0
64.34, 0.13, 0
64.35, 0.16, 0
64.36, 0.14, 0
64.37, 0.10, 0
64.38, 0.04, 0
64.39, 0.10, 0
64.40, 0.07, 0
64.41, 0.03, 0
64.42, 0.08, 0
64.43, 0.04, 0
64.44, 0.03, 0
64.45, 0.09, 0
64.46, 0.09, 0
64.47, 0.03, 0
64.48, 0.06, 0
64.49, 0.06, 0
64.50, 0.03, 0
64.51, 0.08, 0
64.52, 0.11, 0
64.53, 0.11, 0
64.54, 0.06, 0
64.55, 0.06, 0
64.56, 0.02, 0
64.57, 0.01, 0
64.59, 0.09, 0
64.59, 0.17, 0
64.60, 0.13, 0
64.61, 0.13, 0
64.62, 0.20, 0
64.63, 0.23, 0
64.64, 0.10, 0
64.65, 0.09, 0
64.66, 0.09, 0
64.67, 0.02, 0
64.68, 0.11, 0
64.69, 0.08, 0
64.70, 0.07, 0
64.71, 0.03, 0
64.72, 0.03, 0
64.73, 0.04, 0
64.74, 0.07, 0
64.75, 0.09, 0
64.76, 0.11, 0
64.77, 0.14, 0
64.78, 0.14, 0
64.79, 0.15, 0
64.80, 0.11, 0
64.81, 0.03, 0
64.82, 0.04, 0
64.83, 0.04, 0
64.84, 0.06, 0
64.85, 0.03, 0
64.86, 0.06, 0
64.87, 0.08, 0
64.88, 0.04, 0
64.89, 0.03, 0
64.90, 0.07, 0
64.91, 0.21, 0
64.92, 0.09, 0
64.93, 0.10, 0
64.94, 0.07, 0
64.95, 0.10, 0
64.96, 0.14, 0
64.97, 0.15, 0
64.98, 0.21, 0
64.99, 0.20, 0
65.00, 0.14, 0
65.01, 0.09, 0
65.02, 0.08, 0
65.03, 0.05, 0
65.04, 0.05, 0
65.05, 0.11, 0
65.06, 0.13, 0
65.07, 0.11, 0
65.08, 0.08, 0
65.09, 0.10, 0
65.10, 0.07, 0
65.11, 0.01, 0
65.12, 0.07, 0
65.13, 0.03, 0
65.14, 0.06, 0
65.15, 0.04, 0
65.16, 0.04, 0
65.17, 0.08, 0
65.18, 0.15, 0
65.19, 0.13, 0
65.20, 0.13, 0
65.21, 0.19, 0
65.22, 0.21, 0
65.23, 0.15, 0
65.24, 0.03, 0
65.25, 0.02, 0
65.26, 0.05, 0
65.27, 0.06, 0
65.28, 0.10, 0
65.29, 0.12, 0
65.30, 0.06, 0
65.31, 0.05, 0
65.32, 0.12, 0
65.33, 0.04, 0
65.34, 0.13, 0
65.35, 0.16, 0
65.36, 0.09, 0
65.37, 0.07, 0
65.38, 0.11, 0
65.39, 0.11, 0
65.40, 0.04, 0
65.41, 0.08, 0
65.42, 0.01, 0
65.43, 0.02, 0
65.44, 0.07, 0
65.45, 0.08, 0
65.46, 0.08, 0
65.47, 0.09, 0
65.48, 0.13, 0
65.49, 0.12, 0
65.50, 0.09, 0
65.51, 0.09, 0
65.52, 0.08, 0
65.53, 0.07, 0
65.54, 0.07, 0
65.55, 0.06, 0
65.56, 0.14, 0
65.57, 0.11, 0
65.58, 0.06, 0
65.59, 0.09, 0
65.60, 0.06, 0
65.61, 0.04, 0
65.62, 0.06, 0
65.63, 0.09, 0
65.64, 0.09, 0
65.65, 0.14, 0
65.66, 0.11, 0
65.67, 0.15, 0
65.68, 0.17, 0
65.69, 0.09, 0
65.70, 0.06, 0
65.71, 0.07, 0
65.72, 0.12, 0
65.73, 0.09, 0
65.74, 0.10, 0
65.75, 0.11, 0
65.76, 0.09, 0
65.77, 0.16, 0
65.78, 0.22, 0
65.79, 0.23, 0
65.80, 0.17, 0
65.81, 0.12, 0
65.82, 0.16, 0
65.83, 0.10, 0
65.84, 0.10, 0
65.85, 0.07, 0
65.86, 0.03, 0
65.87, 0.02, 0
65.88, 0.02, 0
65.89, 0.09, 0
65.90, 0.06, 0
65.91, 0.04, 0
65.92, 0.06, 0
65.93, 0.07, 0
65.94, 0.02, 0
65.95, 0.11, 0
65.96, 0.09, 0
65.97, 0.02, 0
65.98, 0.05, 0
66.00, 0.10, 0
66.00, 0.06, 0
66.01, 0.09, 0
66.02, 0.09, 0
66.03, 0.03, 0
66.04, 0.04, 0
66.05, 0.09, 0
66.06, 0.11, 0
66.07, 0.01, 0
66.08, 0.05, 0
66.09, 0.04, 0
66.10, 0.11, 0
66.11, 0.10, 0
66.12, 0.09, 0
66.13, 0.08, 0
66.14, 0.12, 0
66.15, 0.05, 0
66.16, 0.02, 0
66.17, 0.05, 0
66.18, 0.04, 0
66.19, 0.11, 0
66.20, 0.14, 0
66.21, 0.05, 0
66.22, 0.02, 0
66.23, 0.03, 0
66.24, 0.03, 0
66.25, 0.11, 0
66.26, 0.16, 0
66.27, 0.10, 0
66.28, 0.04, 0
66.29, 0.04, 0
66.30, 0.05, 0
66.31, 0.04, 0
66.32, 0.08, 0
66.33, 0.07, 0
66.34, 0.02, 0
66.35, 0.05, 0
66.36, 0.12, 0
66.37, 0.07, 0
66.38, 0.02, 0
66.39, 0.04, 0
66.40, 0.09, 0
66.41, 0.05, 0
66.42, 0.01, 0
66.43, 0.07, 0
66.44, 0.13, 0
66.45, 0.07, 0
66.46, 0.01, 0
66.47, 0.06, 0
66.48, 0.09, 0
66.49, 0.03, 0
66.50, 0.05, 0
66.51, 0.09, 0
66.52, 0.12, 0
66.53, 0.10, 0
66.54, 0.01, 0
66.55, 0.07, 0
66.56, 0.11, 0
66.57, 0.11, 0
66.58, 0.12, 0
66.59, 0.07, 0
66.60, 0.01, 0
66.61, 0.08, 0
66.62, 0.10, 0
66.63, 0.07, 0
66.64, 0.02, 0
66.65, 0.04, 0
66.66, 0.09, 0
66.67, 0.09, 0
66.68, 0.04, 0
66.69, 0.06, 0
66.70, 0.11, 0
66.71, 0.10, 0
66.72, 0.03, 0
66.73, 0.04, 0
66.74, 0.09, 0
66.75, 0.11, 0
66.76, 0.04, 0
66.77, 0.08, 0
66.78, 0.07, 0
66.79, 0.05, 0
66.80, 0.05, 0
66.81, 0.06, 0
66.82, 0.04, 0
66.83, 0.07, 0
66.84, 0.03, 0
66.85, 0.09, 0
66.86, 0.11, 0
66.87, 0.15, 0
66.88, 0.10, 0
66.89, 0.08, 0
66.90, 0.06, 0
66.91, 0.09, 0
66.92, 0.07, 0
66.93, 0.11, 0
66.94, 0.06, 0
66.95, 0.04, 0
66.96, 0.04, 0
66.97, 0.10, 0
66.98, 0.06, 0
66.99, 0.08, 0
67.00, 0.07, 0
67.01, 0.14, 0
67.02, 0.10, 0
67.03, 0.19, 0
67.04, 0.13, 0
67.05, 0.03, 0
67.06, 0.04, 0
67.07, 0.03, 0
67.08, 0.02, 0
67.09, 0.07, 0
67.10, 0.04, 0
67.11, 0.07, 0
67.12, 0.05, 0
67.13, 0.05, 0
67.14, 0.10, 0
67.15, 0.08, 0
67.16, 0.07, 0
67.17, 0.14, 0
67.18, 0.14, 0
67.19, 0.08, 0
67.20, 0.07, 0
67.21, 0.12, 0
67.22, 0.05, 0
67.23, 0.05, 0
67.24, 0.03, 0
67.25, 0.01, 0
67.26, 0.09, 0
67.27, 0.04, 0
67.28, 0.11, 0
67.29, 0.17, 0
67.30, 0.18, 0
67.31, 0.18, 0
67.32, 0.18, 0
67.33, 0.21, 0
67.34, 0.17, 0
67.35, 0.07, 0
67.36, 0.07, 0
67.37, 0.03, 0
67.38, 0.07, 0
67.39, 0.12, 0
67.41, 0.12, 0
67.41, 0.02, 0
67.42, 0.05, 0
67.43, 0.14, 0
67.44, 0.14, 0
67.45, 0.08, 0
67.46, 0.11, 0
67.47, 0.12, 0
67.48, 0.12, 0
67.49, 0.10, 0
67.50, 0.02, 0
67.51, 0.07, 0
67.52, 0.10, 0
67.53, 0.07, 0
67.54, 0.05, 0
67.55, 0.09, 0
67.56, 0.12, 0
67.57, 0.07, 0
67.58, 0.07, 0
67.59, 0.10, 0
67.60, 0.09, 0
67.61, 0.14, 0
67.62, 0.07, 0
67.63, 0.06, 0
67.64, 0.06, 0
67.65, 0.03, 0
67.66, 0.06, 0
67.67, 0.01, 0
67.68, 0.07, 0
67.69, 0.02, 0
67.70, 0.06, 0
67.71, 0.09, 0
67.72, 0.01, 0
67.73, 0.04, 0
67.74, 0.07, 0
67.75, 0.02, 0
67.76, 0.07, 0
67.77, 0.09, 0
67.78, 0.05, 0
67.79, 0.07, 0
67.80, 0.10, 0
67.81, 0.03, 0
67.82, 0.03, 0
67.83, 0.04, 0
67.84, 0.02, 0
67.85, 0.01, 0
67.86, 0.07, 0
67.87, 0.05, 0
67.88, 0.05, 0
67.89, 0.06, 0
67.90, 0.07, 0
67.91, 0.04, 0
67.92, 0.12, 0
67.93, 0.13, 0
67.94, 0.03, 0
67.95, 0.07, 0
67.96, 0.06, 0
67.97, 0.11, 0
67.98, 0.03, 0
67.99, 0.08, 0
68.00, 0.06, 0
68.01, 0.05, 0
68.02, 0.03, 0
68.03, 0.05, 0
68.04, 0.07, 0
68.05, 0.08, 0
68.06, 0.05, 0
68.07, 0.04, 0
68.08, 0.08, 0
68.09, 0.09, 0
68.10, 0.03, 0
68.11, 0.02, 0
68.12, 0.04, 0
68.13, 0.05, 0
68.14, 0.04, 0
68.15, 0.07, 0
68.16, 0.08, 0
68.17, 0.09, 0
68.18, 0.11, 0
68.19, 0.16, 0
68.20, 0.13, 0
68.21, 0.09, 0
68.22, 0.07, 0
68.23, 0.04, 0
68.24, 0.08, 0
68.25, 0.06, 0
68.26, 0.05, 0
68.27, 0.07, 0
68.28, 0.06, 0
68.29, 0.07, 0
68.30, 0.09, 0
68.31, 0.17, 0
68.32, 0.07, 0
68.33, 0.04, 0
68.34, 0.08, 0
68.35, 0.08, 0
68.36, 0.07, 0
68.37, 0.14, 0
68.38, 0.02, 0
68.39, 0.04, 0
68.40, 0.05, 0
68.41, 0.08, 0
68.42, 0.01, 0
68.43, 0.10, 0
68.44, 0.08, 0
68.45, 0.04, 0
68.46, 0.10, 0
68.47, 0.13, 0
68.48, 0.06, 0
68.49, 0.12, 0
68.50, 0.13, 0
68.51, 0.12, 0
68.52, 0.16, 0
68.53, 0.17, 0
68.54, 0.10, 0
68.55, 0.06, 0
68.56, 0.05, 0
68.57, 0.05, 0
68.58, 0.04, 0
68.59, 0.05, 0
68.60, 0.03, 0
68.61, 0.02, 0
68.62, 0.01, 0
68.63, 0.05, 0
68.64, 0.02, 0
68.65, 0.05, 0
68.66, 0.01, 0
68.67, 0.08, 0
68.68, 0.13, 0
68.69, 0.14, 0
68.70, 0.15, 0
68.71, 0.19, 0
68.72, 0.17, 0
68.73, 0.12, 0
68.74, 0.09, 0
68.75, 0.05, 0
68.76, 0.06, 0
68.77, 0.11, 0
68.78, 0.04, 0
68.79, 0.08, 0
68.80, 0.11, 0
68.81, 0.05, 0
68.82, 0.09, 0
68.83, 0.11, 0
68.84, 0.08, 0
68.85, 0.10, 0
68.86, 0.08, 0
68.87, 0.04, 0
68.88, 0.04, 0
68.89, 0.00, 0
68.90, 0.05, 0
68.91, 0.05, 0
68.92, 0.05, 0
68.93, 0.15, 0
68.94, 0.18, 0
68.95, 0.17, 0
68.96, 0.15, 0
68.97, 0.20, 0
68.98, 0.17, 0
68.99, 0.09, 0
69.00, 0.06, 0
69.01, 0.06, 0
69.02, 0.05, 0
69.03, 0.08, 0
69.04, 0.10, 0
69.05, 0.09, 0
69.06, 0.08, 0
69.07, 0.09, 0
69.08, 0.14, 0
69.09, 0.11, 0
69.10, 0.15, 0
69.11, 0.09, 0
69.12, 0.07, 0
69.13, 0.11, 0
69.14, 0.07, 0
69.15, 0.10, 0
69.16, 0.10, 0
69.17, 0.10, 0
69.18, 0.14, 0
69.19, 0.15, 0
69.20, 0.19, 0
69.21, 0.21, 0
69.22, 0.18, 0
69.23, 0.14, 0
69.24, 0.04, 0
69.25, 0.07, 0
69.26, 0.05, 0
69.27, 0.10, 0
69.28, 0.11, 0
69.29, 0.08, 0
69.30, 0.02, 0
69.31, 0.09, 0
69.32, 0.06, 0
69.33, 0.13, 0
69.34, 0.16, 0
69.35, 0.19, 0
69.36, 0.18, 0
69.37, 0.20, 0
69.38, 0.20, 0
69.39, 0.17, 0
69.40, 0.12, 0
69.41, 0.09, 0
69.42, 0.02, 0
69.43, 0.02, 0
69.44, 0.06, 0
69.45, 0.06, 0
69.46, 0.10, 0
69.47, 0.12, 0
69.48, 0.07, 0
69.49, 0.09, 0
69.50, 0.12, 0
69.51, 0.03, 0
69.52, 0.05, 0
69.53, 0.05, 0
69.54, 0.03, 0
69.55, 0.03, 0
69.56, 0.08, 0
69.57, 0.07, 0
69.58, 0.10, 0
69.59, 0.14, 0
69.60, 0.18, 0
69.61, 0.15, 0
69.62, 0.14, 0
69.63, 0.15, 0
69.64, 0.15, 0
69.65, 0.08, 0
69.66, 0.05, 0
69.67, 0.05, 0
69.68, 0.07, 0
69.69, 0.04, 0
69.70, 0.06, 0
69.71, 0.04, 0
69.72, 0.06, 0
69.73, 0.00, 0
69.74, 0.03, 0
69.75, 0.05, 0
69.76, 0.06, 0
69.77, 0.03, 0
69.78, 0.03, 0
69.79, 0.04, 0
69.80, 0.05, 0
69.81, 0.06, 0
69.82, 0.04, 0
69.83, 0.14, 0
69.84, 0.12, 0
69.85, 0.11, 0
69.87, 0.03, 0
69.87, 0.04, 0
69.88, 0.04, 0
69.89, 0.07, 0
69.90, 0.13, 0
69.91, 0.13, 0
69.92, 0.26, 1
69.93, 0.23, 0
69.94, 0.15, 0
69.95, 0.06, 0
69.96, 0.12, 0
69.97, 0.03, 0
69.98, 0.12, 0
69.99, 0.11, 0
70.00, 0.08, 0
70.01, 0.07, 0
70.02, 0.07, 0
70.03, 0.01, 0
70.04, 0.10, 0
70.05, 0.14, 0
70.06, 0.14, 0
70.07, 0.12, 0
70.08, 0.09, 0
70.09, 0.02, 0
70.10, 0.10, 0
70.11, 0.19, 0
70.12, 0.21, 0
70.13, 0.18, 0
70.14, 0.17, 0
70.15, 0.17, 0
70.16, 0.12, 0
70.17, 0.08, 0
70.18, 0.09, 0
70.19, 0.07, 0
70.20, 0.05, 0
70.21, 0.02, 0
70.22, 0.08, 0
70.23, 0.09, 0
70.24, 0.08, 0
70.25, 0.06, 0
70.26, 0.07, 0
70.27, 0.11, 0
70.28, 0.10, 0
70.29, 0.10, 0
70.30, 0.12, 0
70.31, 0.15, 0
70.32, 0.12, 0
70.33, 0.18, 0
70.34, 0.13, 0
70.35, 0.14, 0
70.36, 0.17, 0
70.37, 0.20, 0
70.38, 0.14, 0
70.39, 0.08, 0
70.40, 0.10, 0
70.41, 0.09, 0
70.42, 0.06, 0
70.43, 0.12, 0
70.44, 0.02, 0
70.45, 0.04, 0
70.46, 0.07, 0
70.47, 0.05, 0
70.48, 0.02, 0
70.49, 0.01, 0
70.50, 0.09, 0
70.51, 0.12, 0
70.52, 0.07, 0
70.53, 0.15, 0
70.54, 0.19, 0
70.55, 0.22, 0
70.56, 0.23, 0
70.57, 0.23, 0
70.59, 0.14, 0
70.59, 0.08, 0
70.60, 0.18, 0
70.61, 0.17, 0
70.62, 0.19, 0
70.63, 0.22, 0
70.64, 0.15, 0
70.65, 0.14, 0
70.66, 0.13, 0
70.67, 0.11, 0
70.68, 0.19, 0
70.69, 0.14, 0
70.70, 0.11, 0
70.71, 0.07, 0
70.72, 0.05, 0
70.73, 0.03, 0
70.74, 0.06, 0
70.75, 0.08, 0
70.76, 0.07, 0
70.77, 0.03, 0
70.78, 0.02, 0
70.79, 0.01, 0
70.80, 0.04, 0
70.81, 0.05, 0
70.82, 0.12, 0
70.83, 0.15, 0
70.84, 0.11, 0
70.85, 0.14, 0
70.86, 0.17, 0
70.87, 0.16, 0
70.88, 0.15, 0
70.89, 0.16, 0
70.90, 0.12, 0
70.91, 0.05, 0
70.92, 0.07, 0
70.93, 0.14, 0
70.94, 0.10, 0
70.95, 0.13, 0
70.96, 0.18, 0
70.97, 0.18, 0
70.98, 0.25, 0
70.99, 0.19, 0
71.00, 0.24, 0
71.01, 0.23, 0
71.02, 0.15, 0
71.03, 0.06, 0
71.04, 0.10, 0
71.05, 0.14, 0
71.06, 0.11, 0
71.07, 0.07, 0
71.08, 0.08, 0
71.09, 0.11, 0
71.10, 0.09, 0
71.11, 0.04, 0
71.12, 0.11, 0
71.13, 0.09, 0
71.14, 0.11, 0
71.15, 0.16, 0
71.16, 0.09, 0
71.17, 0.06, 0
71.18, 0.09, 0
71.19, 0.08, 0
71.20, 0.03, 0
71.21, 0.05, 0
71.22, 0.02, 0
71.23, 0.08, 0
71.24, 0.08, 0
71.25, 0.12, 0
71.26, 0.05, 0
71.28, 0.08, 0
71.28, 0.05, 0
71.29, 0.05, 0
71.30, 0.06, 0
71.31, 0.04, 0
71.32, 0.05, 0
71.33, 0.01, 0
71.34, 0.04, 0
71.35, 0.02, 0
71.36, 0.04, 0
71.37, 0.12, 0
71.38, 0.16, 0
71.39, 0.13, 0
71.40, 0.14, 0
71.41, 0.19, 0
71.42, 0.09, 0
71.43, 0.17, 0
71.44, 0.16, 0
71.45, 0.13, 0
71.46, 0.08, 0
71.47, 0.08, 0
71.48, 0.08, 0
71.49, 0.02, 0
71.50, 0.09, 0
71.51, 0.10, 0
71.52, 0.14, 0
71.53, 0.11, 0
71.54, 0.14, 0
71.55, 0.08, 0
71.56, 0.08, 0
71.57, 0.14, 0
71.58, 0.17, 0
71.59, 0.16, 0
71.60, 0.27, 1
71.61, 0.23, 0
71.62, 0.20, 0
71.63, 0.24, 0
71.64, 0.19, 0
71.65, 0.08, 0
71.66, 0.05, 0
71.67, 0.03, 0
71.68, 0.08, 0
71.69, 0.11, 0
71.70, 0.18, 0
71.71, 0.14, 0
71.72, 0.10, 0
71.73, 0.12, 0
71.74, 0.06, 0
71.75, 0.09, 0
71.76, 0.08, 0
71.77, 0.11, 0
71.78, 0.12, 0
71.79, 0.17, 0
71.80, 0.12, 0
71.81, 0.06, 0
71.82, 0.06, 0
71.83, 0.09, 0
71.84, 0.07, 0
71.85, 0.08, 0
71.86, 0.07, 0
71.87, 0.07, 0
71.88, 0.10, 0
71.89, 0.07, 0
71.90, 0.03, 0
71.91, 0.06, 0
71.92, 0.04, 0
71.93, 0.02, 0
71.94, 0.04, 0
71.95, 0.05, 0
71.96, 0.05, 0
71.97, 0.04, 0
71.98, 0.06, 0
71.99, 0.03, 0
72.00, 0.02, 0
72.01, 0.01, 0
72.02, 0.03, 0
72.03, 0.08, 0
72.04, 0.12, 0
72.05, 0.15, 0
72.06, 0.17, 0
72.07, 0.16, 0
72.08, 0.15, 0
72.09, 0.16, 0
72.10, 0.18, 0
72.11, 0.11, 0
72.12, 0.04, 0
72.13, 0.04, 0
72.14, 0.04, 0
72.15, 0.05, 0
72.16, 0.09, 0
72.17, 0.11, 0
72.18, 0.10, 0
72.19, 0.08, 0
72.20, 0.03, 0
72.21, 0.09, 0
72.22, 0.13, 0
72.23, 0.17, 0
72.24, 0.13, 0
72.25, 0.13, 0
72.26, 0.13, 0
72.27, 0.13, 0
72.28, 0.18, 0
72.29, 0.17, 0
72.30, 0.09, 0
72.31, 0.06, 0
72.32, 0.07, 0
72.33, 0.10, 0
72.34, 0.12, 0
72.35, 0.07, 0
72.36, 0.03, 0
72.37, 0.06, 0
72.38, 0.07, 0
72.39, 0.09, 0
72.40, 0.08, 0
72.41, 0.06, 0
72.42, 0.09, 0
72.43, 0.14, 0
72.44, 0.09, 0
72.45, 0.06, 0
72.46, 0.07, 0
72.47, 0.12, 0
72.48, 0.10, 0
72.49, 0.06, 0
72.50, 0.06, 0
72.51, 0.08, 0
72.52, 0.06, 0
72.53, 0.11, 0
72.54, 0.12, 0
72.55, 0.21, 0
72.56, 0.20, 0
72.57, 0.14, 0
72.58, 0.13, 0
72.59, 0.08, 0
72.60, 0.06, 0
72.61, 0.08, 0
72.62, 0.10, 0
72.63, 0.06, 0
72.64, 0.03, 0
72.65, 0.02, 0
72.66, 0.03, 0
72.67, 0.03, 0
72.69, 0.09, 0
72.69, 0.07, 0
72.70, 0.05, 0
72.71, 0.08, 0
72.72, 0.12, 0
72.73, 0.13, 0
72.74, 0.14, 0
72.75, 0.15, 0
72.76, 0.10, 0
72.77, 0.10, 0
72.78, 0.16, 0
72.79, 0.15, 0
72.80, 0.09, 0
72.81, 0.10, 0
72.82, 0.13, 0
72.83, 0.12, 0
72.84, 0.12, 0
72.85, 0.06, 0
72.86, 0.04, 0
72.87, 0.05, 0
72.88, 0.08, 0
72.89, 0.09, 0
72.90, 0.07, 0
72.91, 0.02, 0
72.92, 0.06, 0
72.93, 0.04, 0
72.94, 0.08, 0
72.95, 0.10, 0
72.96, 0.06, 0
72.97, 0.06, 0
72.98, 0.06, 0
72.99, 0.04, 0
73.00, 0.07, 0
73.01, 0.04, 0
73.02, 0.04, 0
73.03, 0.01, 0
73.05, 0.10, 0
73.05, 0.10, 0
73.06, 0.06, 0
73.07, 0.11, 0
73.08, 0.04, 0
73.09, 0.04, 0
73.10, 0.03, 0
73.11, 0.09, 0
73.12, 0.07, 0
73.13, 0.05, 0
73.14, 0.07, 0
73.15, 0.04, 0
73.16, 0.11, 0
73.17, 0.13, 0
73.18, 0.10, 0
73.19, 0.08, 0
73.20, 0.13, 0
73.21, 0.04, 0
73.22, 0.06, 0
73.23, 0.07, 0
73.24, 0.05, 0
73.25, 0.05, 0
73.26, 0.03, 0
73.27, 0.10, 0
73.28, 0.11, 0
73.29, 0.05, 0
73.30, 0.07, 0
73.31, 0.02, 0
73.32, 0.03, 0
73.33, 0.07, 0
73.34, 0.08, 0
73.35, 0.07, 0
73.36, 0.11, 0
73.37, 0.06, 0
73.38, 0.16, 0
73.39, 0.14, 0
73.40, 0.11, 0
73.41, 0.14, 0
73.42, 0.07, 0
73.43, 0.08, 0
73.44, 0.06, 0
73.45, 0.03, 0
73.46, 0.06, 0
73.47, 0.09, 0
73.48, 0.09, 0
73.49, 0.10, 0
73.50, 0.15, 0
73.51, 0.11, 0
73.52, 0.06, 0
73.53, 0.06, 0
73.54, 0.10, 0
73.55, 0.09, 0
73.56, 0.13, 0
73.57, 0.10, 0
73.58, 0.07, 0
73.59, 0.01, 0
73.60, 0.05, 0
73.61, 0.09, 0
73.62, 0.13, 0
73.63, 0.16, 0
73.64, 0.09, 0
73.65, 0.10, 0
73.66, 0.10, 0
73.67, 0.05, 0
73.68, 0.05, 0
73.69, 0.07, 0
73.70, 0.09, 0
73.71, 0.06, 0
73.72, 0.07, 0
73.73, 0.10, 0
73.74, 0.09, 0
73.75, 0.12, 0
73.76, 0.07, 0
73.77, 0.07, 0
73.78, 0.08, 0
73.79, 0.06, 0
73.80, 0.10, 0
73.81, 0.11, 0
73.82, 0.07, 0
73.83, 0.05, 0
73.84, 0.05, 0
73.85, 0.06, 0
73.86, 0.07, 0
73.87, 0.12, 0
73.88, 0.10, 0
73.89, 0.12, 0
73.90, 0.12, 0
73.91, 0.15, 0
73.92, 0.12, 0
73.93, 0.14, 0
73.94, 0.13, 0
73.95, 0.12, 0
73.96, 0.12, 0
73.97, 0.11, 0
73.98, 0.10, 0
73.99, 0.07, 0
74.00, 0.08, 0
74.01, 0.12, 0
74.02, 0.15, 0
74.03, 0.16, 0
74.04, 0.19, 0
74.05, 0.13, 0
74.06, 0.11, 0
74.07, 0.10, 0
74.08, 0.10, 0
74.09, 0.17, 0
74.10, 0.15, 0
74.11, 0.14, 0
74.12, 0.12, 0
74.13, 0.10, 0
74.14, 0.08, 0
74.15, 0.14, 0
74.16, 0.11, 0
74.17, 0.14, 0
74.18, 0.18, 0
74.19, 0.16, 0
74.20, 0.21, 0
74.21, 0.20, 0
74.22, 0.15, 0
74.23, 0.16, 0
74.24, 0.15, 0
74.25, 0.14, 0
74.26, 0.12, 0
74.27, 0.13, 0
74.28, 0.12, 0
74.29, 0.14, 0
74.30, 0.10, 0
74.31, 0.13, 0
74.32, 0.09, 0
74.33, 0.05, 0
74.34, 0.02, 0
74.35, 0.02, 0
74.36, 0.03, 0
74.37, 0.06, 0
74.38, 0.05, 0
74.39, 0.07, 0
74.40, 0.07, 0
74.41, 0.13, 0
74.42, 0.07, 0
74.43, 0.10, 0
74.44, 0.06, 0
74.46, 0.04, 0
74.46, 0.02, 0
74.47, 0.03, 0
74.48, 0.03, 0
74.49, 0.04, 0
74.50, 0.03, 0
74.51, 0.10, 0
74.52, 0.10, 0
74.53, 0.11, 0
74.54, 0.15, 0
74.55, 0.19, 0
74.56, 0.16, 0
74.57, 0.14, 0
74.58, 0.13, 0
74.59, 0.10, 0
74.60, 0.03, 0
74.61, 0.03, 0
74.62, 0.05, 0
74.63, 0.07, 0
74.64, 0.09, 0
74.65, 0.08, 0
74.66, 0.08, 0
74.67, 0.09, 0
74.68, 0.10, 0
74.69, 0.13, 0
74.70, 0.10, 0
74.71, 0.06, 0
74.72, 0.06, 0
74.73, 0.06, 0
74.74, 0.11, 0
74.75, 0.12, 0
74.76, 0.08, 0
74.77, 0.06, 0
74.78, 0.02, 0
74.79, 0.06, 0
74.80, 0.13, 0
74.81, 0.16, 0
74.82, 0.18, 0
74.83, 0.16, 0
74.84, 0.23, 0
74.85, 0.19, 0
74.86, 0.16, 0
74.87, 0.08, 0
74.88, 0.07, 0
74.89, 0.05, 0
74.90, 0.02, 0
74.91, 0.04, 0
74.92, 0.08, 0
74.93, 0.10, 0
74.94, 0.01, 0
74.95, 0.08, 0
74.96, 0.11, 0
74.97, 0.09, 0
74.98, 0.10, 0
74.99, 0.15, 0
75.00, 0.13, 0
75.01, 0.05, 0
75.02, 0.02, 0
75.03, 0.02, 0
75.04, 0.05, 0
75.05, 0.08, 0
75.06, 0.09, 0
75.07, 0.09, 0
75.08, 0.05, 0
75.09, 0.06, 0
75.10, 0.03, 0
75.11, 0.04, 0
75.12, 0.07, 0
75.13, 0.11, 0
75.15, 0.09, 0
75.15, 0.05, 0
75.16, 0.09, 0
75.17, 0.03, 0
75.18, 0.04, 0
75.19, 0.13, 0
75.20, 0.11, 0
75.21, 0.17, 0
75.22, 0.19, 0
75.23, 0.18, 0
75.24, 0.20, 0
75.25, 0.22, 0
75.26, 0.18, 0
75.27, 0.11, 0
75.28, 0.08, 0
75.29, 0.05, 0
75.30, 0.03, 0
75.31, 0.09, 0
75.32, 0.11, 0
75.33, 0.08, 0
75.34, 0.08, 0
75.35, 0.05, 0
75.36, 0.04, 0
75.37, 0.03, 0
75.38, 0.03, 0
75.39, 0.03, 0
75.40, 0.01, 0
75.41, 0.05, 0
75.42, 0.02, 0
75.43, 0.03, 0
75.44, 0.10, 0
75.45, 0.11, 0
75.46, 0.17, 0
75.47, 0.20, 0
75.48, 0.26, 1
75.49, 0.25, 0
75.50, 0.17, 0
75.51, 0.14, 0
75.52, 0.10, 0
75.53, 0.08, 0
75.54, 0.12, 0
75.55, 0.14, 0
75.56, 0.11, 0
75.57, 0.13, 0
75.58, 0.10, 0
75.59, 0.06, 0
75.60, 0.09, 0
75.61, 0.13, 0
75.62, 0.16, 0
75.63, 0.17, 0
75.64, 0.18, 0
75.65, 0.14, 0
75.66, 0.11, 0
75.67, 0.11, 0
75.68, 0.13, 0
75.69, 0.12, 0
75.70, 0.10, 0
75.71, 0.02, 0
75.72, 0.05, 0
75.73, 0.04, 0
75.74, 0.11, 0
75.75, 0.07, 0
75.76, 0.10, 0
75.77, 0.13, 0
75.78, 0.14, 0
75.79, 0.13, 0
75.80, 0.10, 0
75.81, 0.10, 0
75.82, 0.09, 0
75.83, 0.01, 0
75.84, 0.05, 0
75.85, 0.06, 0
75.86, 0.07, 0
75.87, 0.06, 0
75.88, 0.08, 0
75.89, 0.02, 0
75.90, 0.12, 0
75.91, 0.13, 0
75.92, 0.13, 0
75.93, 0.09, 0
75.94, 0.09, 0
75.95, 0.10, 0
75.96, 0.02, 0
75.97, 0.05, 0
75.98, 0.00, 0
75.99, 0.03, 0
76.00, 0.12, 0
76.01, 0.16, 0
76.02, 0.13, 0
76.03, 0.13, 0
76.04, 0.16, 0
76.05, 0.18, 0
76.06, 0.13, 0
76.07, 0.03, 0
76.08, 0.10, 0
76.09, 0.08, 0
76.10, 0.04, 0
76.11, 0.05, 0
76.12, 0.02, 0
76.13, 0.09, 0
76.14, 0.08, 0
76.15, 0.12, 0
76.16, 0.06, 0
76.17, 0.14, 0
76.18, 0.06, 0
76.19, 0.09, 0
76.20, 0.08, 0
76.21, 0.09, 0
76.22, 0.11, 0
76.23, 0.08, 0
76.24, 0.08, 0
76.25, 0.02, 0
76.26, 0.01, 0
76.27, 0.06, 0
76.28, 0.10, 0
76.29, 0.08, 0
76.30, 0.07, 0
76.31, 0.10, 0
76.32, 0.12, 0
76.33, 0.05, 0
76.34, 0.03, 0
76.35, 0.06, 0
76.36, 0.16, 0
76.37, 0.13, 0
76.38, 0.14, 0
76.39, 0.21, 0
76.40, 0.22, 0
76.41, 0.19, 0
76.42, 0.17, 0
76.43, 0.13, 0
76.44, 0.12, 0
76.45, 0.09, 0
76.46, 0.11, 0
76.47, 0.08, 0
76.48, 0.10, 0
76.49, 0.09, 0
76.50, 0.07, 0
76.51, 0.10, 0
76.52, 0.12, 0
76.53, 0.11, 0
76.54, 0.08, 0
76.56, 0.09, 0
76.56, 0.08, 0
76.57, 0.10, 0
76.58, 0.05, 0
76.59, 0.06, 0
76.60, 0.04, 0
76.61, 0.05, 0
76.62, 0.10, 0
76.63, 0.11, 0
76.64, 0.13, 0
76.65, 0.17, 0
76.66, 0.14, 0
76.67, 0.15, 0
76.68, 0.09, 0
76.69, 0.09, 0
76.70, 0.13, 0
76.71, 0.09, 0
76.72, 0.08, 0
76.73, 0.10, 0
76.74, 0.17, 0
76.75, 0.13, 0
76.76, 0.10, 0
76.77, 0.09, 0
76.78, 0.08, 0
76.79, 0.03, 0
76.80, 0.14, 0
76.81, 0.14, 0
76.82, 0.08, 0
76.83, 0.08, 0
76.84, 0.10, 0
76.85, 0.05, 0
76.86, 0.14, 0
76.87, 0.16, 0
76.88, 0.12, 0
76.89, 0.15, 0
76.90, 0.12, 0
76.92, 0.08, 0
76.92, 0.11, 0
76.93, 0.19, 0
76.94, 0.20, 0
76.95, 0.17, 0
76.96, 0.13, 0
76.97, 0.12, 0
76.98, 0.04, 0
76.99, 0.08, 0
77.00, 0.15, 0
77.01, 0.13, 0
77.02, 0.06, 0
77.03, 0.04, 0
77.04, 0.17, 0
77.05, 0.27, 1
77.06, 0.28, 1
77.07, 0.23, 0
77.08, 0.26, 1
77.09, 0.19, 0
77.10, 0.07, 0
77.11, 0.08, 0
77.12, 0.11, 0
77.13, 0.13, 0
77.14, 0.07, 0
77.15, 0.03, 0
77.16, 0.02, 0
77.17, 0.05, 0
77.18, 0.16, 0
77.19, 0.24, 0
77.20, 0.28, 1
77.21, 0.30, 1
77.22, 0.28, 1
77.23, 0.28, 1
77.24, 0.24, 0
77.25, 0.21, 0
77.26, 0.20, 0
77.27, 0.17, 0
77.28, 0.08, 0
77.29, 0.10, 0
77.30, 0.03, 0
77.31, 0.07, 0
77.32, 0.09, 0
77.33, 0.10, 0
77.34, 0.16, 0
77.35, 0.15, 0
77.36, 0.21, 0
77.37, 0.16, 0
77.38, 0.18, 0
77.39, 0.16, 0
77.40, 0.16, 0
77.41, 0.17, 0
77.42, 0.14, 0
77.43, 0.10, 0
77.44, 0.18, 0
77.45, 0.20, 0
77.46, 0.16, 0
77.47, 0.09, 0
77.48, 0.09, 0
77.49, 0.16, 0
77.50, 0.06, 0
77.51, 0.04, 0
77.52, 0.05, 0
77.53, 0.14, 0
77.54, 0.12, 0
77.55, 0.09, 0
77.56, 0.16, 0
77.57, 0.24, 0
77.58, 0.24, 0
77.59, 0.11, 0
77.60, 0.16, 0
77.61, 0.16, 0
77.62, 0.12, 0
77.63, 0.03, 0
77.64, 0.06, 0
77.65, 0.05, 0
77.66, 0.11, 0
77.67, 0.21, 0
77.68, 0.23, 0
77.69, 0.20, 0
77.70, 0.22, 0
77.71, 0.17, 0
77.72, 0.17, 0
77.73, 0.06, 0
77.74, 0.03, 0
77.75, 0.04, 0
77.76, 0.02, 0
77.77, 0.03, 0
77.78, 0.06, 0
77.79, 0.12, 0
77.80, 0.14, 0
77.81, 0.08, 0
77.82, 0.08, 0
77.83, 0.12, 0
77.84, 0.12, 0
77.85, 0.11, 0
77.86, 0.12, 0
77.87, 0.17, 0
77.88, 0.18, 0
77.89, 0.16, 0
77.90, 0.18, 0
77.91, 0.17, 0
77.92, 0.14, 0
77.93, 0.09, 0
77.94, 0.06, 0
77.95, 0.02, 0
77.97, 0.02, 0
77.97, 0.06, 0
77.98, 0.09, 0
77.99, 0.17, 0
78.00, 0.17, 0
78.01, 0.19, 0
78.02, 0.18, 0
78.03, 0.19, 0
78.04, 0.19, 0
78.05, 0.20, 0
78.06, 0.18, 0
78.07, 0.19, 0
78.08, 0.16, 0
78.09, 0.14, 0
78.10, 0.12, 0
78.11, 0.11, 0
78.12, 0.07, 0
78.13, 0.04, 0
78.14, 0.06, 0
78.15, 0.03, 0
78.16, 0.06, 0
78.17, 0.09, 0
78.18, 0.08, 0
78.19, 0.09, 0
78.20, 0.16, 0
78.21, 0.21, 0
78.22, 0.25, 0
78.23, 0.26, 1
78.24, 0.27, 1
78.25, 0.28, 1
78.26, 0.22, 0
78.27, 0.20, 0
78.28, 0.13, 0
78.29, 0.09, 0
78.30, 0.05, 0
78.31, 0.06, 0
78.33, 0.09, 0
78.33, 0.10, 0
78.34, 0.16, 0
78.35, 0.14, 0
78.36, 0.09, 0
78.37, 0.06, 0
78.38, 0.11, 0
78.39, 0.14, 0
78.40, 0.14, 0
78.41, 0.18, 0
78.42, 0.17, 0
78.43, 0.11, 0
78.44, 0.11, 0
78.45, 0.12, 0
78.46, 0.03, 0
78.47, 0.02, 0
78.48, 0.02, 0
78.49, 0.07, 0
78.50, 0.13, 0
78.51, 0.10, 0
78.52, 0.13, 0
78.53, 0.06, 0
78.54, 0.12, 0
78.55, 0.11, 0
78.56, 0.12, 0
78.57, 0.13, 0
78.58, 0.04, 0
78.59, 0.01, 0
78.60, 0.03, 0
78.61, 0.10, 0
78.62, 0.12, 0
78.63, 0.13, 0
78.64, 0.15, 0
78.65, 0.17, 0
78.66, 0.18, 0
78.67, 0.21, 0
78.68, 0.14, 0
78.69, 0.12, 0
78.70, 0.05, 0
78.71, 0.02, 0
78.72, 0.04, 0
78.73, 0.06, 0
78.74, 0.06, 0
78.75, 0.06, 0
78.76, 0.03, 0
78.77, 0.06, 0
78.78, 0.07, 0
78.79, 0.06, 0
78.80, 0.10, 0
78.81, 0.10, 0
78.82, 0.07, 0
78.83, 0.08, 0
78.84, 0.06, 0
78.85, 0.11, 0
78.86, 0.08, 0
78.87, 0.04, 0
78.88, 0.09, 0
78.89, 0.06, 0
78.90, 0.01, 0
78.91, 0.02, 0
78.92, 0.08, 0
78.93, 0.06, 0
78.94, 0.14, 0
78.95, 0.13, 0
78.96, 0.06, 0
78.97, 0.04, 0
78.98, 0.04, 0
78.99, 0.04, 0
79.00, 0.03, 0
79.01, 0.10, 0
79.02, 0.07, 0
79.03, 0.07, 0
79.04, 0.10, 0
79.05, 0.10, 0
79.06, 0.06, 0
79.07, 0.06, 0
79.08, 0.06, 0
79.09, 0.06, 0
79.10, 0.07, 0
79.11, 0.15, 0
79.12, 0.11, 0
79.13, 0.07, 0
79.14, 0.09, 0
79.15, 0.12, 0
79.16, 0.07, 0
79.17, 0.05, 0
79.18, 0.07, 0
79.19, 0.09, 0
79.20, 0.17, 0
79.21, 0.25, 0
79.22, 0.22, 0
79.23, 0.16, 0
79.24, 0.14, 0
79.25, 0.04, 0
79.26, 0.07, 0
79.27, 0.18, 0
79.28, 0.22, 0
79.29, 0.18, 0
79.30, 0.13, 0
79.31, 0.13, 0
79.32, 0.09, 0
79.33, 0.07, 0
79.34, 0.08, 0
79.35, 0.10, 0
79.36, 0.06, 0
79.38, 0.03, 0
79.38, 0.04, 0
79.39, 0.01, 0
79.40, 0.11, 0
79.41, 0.14, 0
79.42, 0.11, 0
79.43, 0.09, 0
79.44, 0.10, 0
79.45, 0.11, 0
79.46, 0.08, 0
79.47, 0.15, 0
79.48, 0.11, 0
79.49, 0.14, 0
79.50, 0.10, 0
79.51, 0.07, 0
79.52, 0.01, 0
79.53, 0.02, 0
79.54, 0.10, 0
79.55, 0.17, 0
79.56, 0.13, 0
79.57, 0.07, 0
79.58, 0.16, 0
79.59, 0.20, 0
79.60, 0.20, 0
79.61, 0.19, 0
79.62, 0.10, 0
79.63, 0.11, 0
79.64, 0.07, 0
79.65, 0.03, 0
79.66, 0.06, 0
79.67, 0.17, 0
79.68, 0.19, 0
79.69, 0.07, 0
79.70, 0.09, 0
79.71, 0.14, 0
79.72, 0.23, 0
79.74, 0.18, 0
79.74, 0.14, 0
79.75, 0.16, 0
79.76, 0.07, 0
79.77, 0.11, 0
79.78, 0.13, 0
79.79, 0.05, 0
79.80, 0.02, 0
79.81, 0.06, 0
79.82, 0.13, 0
79.83, 0.13, 0
79.84, 0.11, 0
79.85, 0.19, 0
79.86, 0.24, 0
79.87, 0.22, 0
79.88, 0.19, 0
79.89, 0.21, 0
79.90, 0.21, 0
79.91, 0.18, 0
79.92, 0.13, 0
79.93, 0.15, 0
79.94, 0.20, 0
79.95, 0.15, 0
79.96, 0.11, 0
79.97, 0.11, 0
79.98, 0.13, 0
79.99, 0.14, 0
80.00, 0.18, 0
80.01, 0.14, 0
80.02, 0.10, 0
80.03, 0.09, 0
80.04, 0.04, 0
80.05, 0.02, 0
80.06, 0.05, 0
80.07, 0.08, 0
80.08, 0.13, 0
80.09, 0.12, 0
80.10, 0.15, 0
80.11, 0.12, 0
80.12, 0.11, 0
80.13, 0.11, 0
80.14, 0.15, 0
80.15, 0.19, 0
80.16, 0.25, 0
80.17, 0.26, 1
80.18, 0.23, 0
80.19, 0.22, 0
80.20, 0.19, 0
80.21, 0.16, 0
80.22, 0.06, 0
80.23, 0.11, 0
80.24, 0.11, 0
80.25, 0.05, 0
80.26, 0.07, 0
80.27, 0.01, 0
80.28, 0.06, 0
80.29, 0.08, 0
80.30, 0.07, 0
80.31, 0.08, 0
80.32, 0.07, 0
80.33, 0.16, 0
80.34, 0.11, 0
80.35, 0.13, 0
80.36, 0.09, 0
80.37, 0.09, 0
80.38, 0.05, 0
80.39, 0.07, 0
80.40, 0.07, 0
80.41, 0.09, 0
80.43, 0.09, 0
80.43, 0.11, 0
80.44, 0.04, 0
80.45, 0.04, 0
80.46, 0.12, 0
80.47, 0.18, 0
80.48, 0.19, 0
80.49, 0.15, 0
80.50, 0.10, 0
80.51, 0.13, 0
80.52, 0.03, 0
80.53, 0.06, 0
80.54, 0.05, 0
80.55, 0.11, 0
80.56, 0.07, 0
80.57, 0.10, 0
80.58, 0.06, 0
80.59, 0.06, 0
80.60, 0.09, 0
80.61, 0.09, 0
80.62, 0.08, 0
80.63, 0.08, 0
80.64, 0.09, 0
80.65, 0.06, 0
80.66, 0.03, 0
80.67, 0.08, 0
80.68, 0.04, 0
80.69, 0.03, 0
80.70, 0.05, 0
80.71, 0.09, 0
80.72, 0.02, 0
80.73, 0.09, 0
80.74, 0.13, 0
80.75, 0.07, 0
80.76, 0.13, 0
80.77, 0.11, 0
80.78, 0.08, 0
80.79, 0.09, 0
80.80, 0.13, 0
80.81, 0.17, 0
80.82, 0.22, 0
80.83, 0.20, 0
80.84, 0.17, 0
80.85, 0.14, 0
80.86, 0.10, 0
80.87, 0.06, 0
80.88, 0.06, 0
80.89, 0.07, 0
80.90, 0.08, 0
80.91, 0.16, 0
80.92, 0.09, 0
80.93, 0.09, 0
80.94, 0.08, 0
80.95, 0.04, 0
80.96, 0.07, 0
80.97, 0.09, 0
80.98, 0.11, 0
80.99, 0.08, 0
81.00, 0.10, 0
81.01, 0.03, 0
81.02, 0.12, 0
81.03, 0.09, 0
81.04, 0.10, 0
81.05, 0.10, 0
81.06, 0.05, 0
81.07, 0.12, 0
81.08, 0.10, 0
81.09, 0.16, 0
81.10, 0.16, 0
81.11, 0.17, 0
81.12, 0.12, 0
81.13, 0.12, 0
81.14, 0.03, 0
81.15, 0.06, 0
81.16, 0.06, 0
81.17, 0.03, 0
81.18, 0.05, 0
81.19, 0.09, 0
81.20, 0.06, 0
81.21, 0.04, 0
81.22, 0.06, 0
81.23, 0.06, 0
81.24, 0.13, 0
81.25, 0.23, 0
81.26, 0.20, 0
81.27, 0.19, 0
81.28, 0.16, 0
81.29, 0.13, 0
81.30, 0.09, 0
81.31, 0.03, 0
81.32, 0.06, 0
81.33, 0.09, 0
81.34, 0.07, 0
81.35, 0.05, 0
81.36, 0.10, 0
81.37, 0.02, 0
81.38, 0.08, 0
81.39, 0.11, 0
81.40, 0.12, 0
81.41, 0.10, 0
81.42, 0.16, 0
81.43, 0.09, 0
81.44, 0.04, 0
81.45, 0.11, 0
81.46, 0.13, 0
81.47, 0.08, 0
81.48, 0.11, 0
81.49, 0.06, 0
81.50, 0.04, 0
81.51, 0.12, 0
81.52, 0.19, 0
81.53, 0.08, 0
81.54, 0.07, 0
81.55, 0.12, 0
81.56, 0.03, 0
81.57, 0.05, 0
81.58, 0.11, 0
81.59, 0.08, 0
81.60, 0.03, 0
81.61, 0.02, 0
81.62, 0.03, 0
81.63, 0.09, 0
81.64, 0.03, 0
81.65, 0.06, 0
81.66, 0.16, 0
81.67, 0.13, 0
81.68, 0.08, 0
81.69, 0.07, 0
81.70, 0.11, 0
81.71, 0.07, 0
81.72, 0.05, 0
81.73, 0.09, 0
81.74, 0.07, 0
81.75, 0.06, 0
81.76, 0.05, 0
81.77, 0.04, 0
81.78, 0.05, 0
81.79, 0.10, 0
81.80, 0.08, 0
81.81, 0.13, 0
81.82, 0.10, 0
81.84, 0.18, 0
81.84, 0.10, 0
81.85, 0.08, 0
81.86, 0.08, 0
81.87, 0.04, 0
81.88, 0.03, 0
81.89, 0.04, 0
81.90, 0.01, 0
81.91, 0.03, 0
81.92, 0.03, 0
81.93, 0.05, 0
81.94, 0.07, 0
81.95, 0.12, 0
81.96, 0.12, 0
81.97, 0.15, 0
81.98, 0.12, 0
81.99, 0.07, 0
82.00, 0.09, 0
82.01, 0.10, 0
82.02, 0.09, 0
82.03, 0.09, 0
82.04, 0.10, 0
82.05, 0.08, 0
82.06, 0.09, 0
82.07, 0.11, 0
82.08, 0.09, 0
82.09, 0.07, 0
82.10, 0.07, 0
82.11, 0.05, 0
82.12, 0.12, 0
82.13, 0.18, 0
82.14, 0.13, 0
82.15, 0.13, 0
82.16, 0.09, 0
82.17, 0.05, 0
82.18, 0.05, 0
82.20, 0.11, 0
82.20, 0.11, 0
82.21, 0.07, 0
82.22, 0.09, 0
82.23, 0.10, 0
82.24, 0.04, 0
82.25, 0.07, 0
82.26, 0.06, 0
82.27, 0.02, 0
82.28, 0.02, 0
82.29, 0.07, 0
82.30, 0.02, 0
82.31, 0.10, 0
82.32, 0.12, 0
82.33, 0.09, 0
82.34, 0.07, 0
82.35, 0.12, 0
82.36, 0.08, 0
82.37, 0.03, 0
82.38, 0.07, 0
82.39, 0.06, 0
82.40, 0.09, 0
82.41, 0.07, 0
82.42, 0.09, 0
82.43, 0.07, 0
82.44, 0.06, 0
82.45, 0.09, 0
82.46, 0.08, 0
82.47, 0.09, 0
82.48, 0.07, 0
82.49, 0.06, 0
82.50, 0.13, 0
82.51, 0.05, 0
82.52, 0.05, 0
82.53, 0.11, 0
82.54, 0.10, 0
82.55, 0.06, 0
82.56, 0.04, 0
82.57, 0.03, 0
82.58, 0.09, 0
82.59, 0.07, 0
82.60, 0.06, 0
82.61, 0.08, 0
82.62, 0.07, 0
82.63, 0.07, 0
82.64, 0.02, 0
82.65, 0.03, 0
82.66, 0.07, 0
82.67, 0.08, 0
82.68, 0.03, 0
82.69, 0.04, 0
82.70, 0.08, 0
82.71, 0.05, 0
82.72, 0.05, 0
82.73, 0.07, 0
82.74, 0.02, 0
82.75, 0.06, 0
82.76, 0.07, 0
82.77, 0.11, 0
82.78, 0.11, 0
82.79, 0.12, 0
82.80, 0.04, 0
82.81, 0.01, 0
82.82, 0.06, 0
82.83, 0.07, 0
82.84, 0.05, 0
82.85, 0.06, 0
82.86, 0.09, 0
82.87, 0.09, 0
82.88, 0.13, 0
82.89, 0.12, 0
82.90, 0.08, 0
82.91, 0.14, 0
82.92, 0.12, 0
82.93, 0.08, 0
82.94, 0.02, 0
82.95, 0.05, 0
82.96, 0.08, 0
82.97, 0.14, 0
82.98, 0.09, 0
82.99, 0.11, 0
83.00, 0.10, 0
83.01, 0.13, 0
83.02, 0.17, 0
83.03, 0.18, 0
83.04, 0.17, 0
83.05, 0.15, 0
83.06, 0.16, 0
83.07, 0.18, 0
83.08, 0.26, 1
83.09, 0.34, 1
83.10, 0.31, 1
83.11, 0.23, 0
83.12, 0.22, 0
83.13, 0.17, 0
83.14, 0.05, 0
83.15, 0.12, 0
83.16, 0.20, 0
83.17, 0.17, 0
83.18, 0.15, 0
83.19, 0.28, 1
83.20, 0.25, 1
83.21, 0.19, 0
83.22, 0.06, 0
83.23, 0.18, 0
83.24, 0.12, 0
83.25, 0.15, 0
83.26, 0.15, 0
83.27, 0.17, 0
83.28, 0.20, 0
83.29, 0.17, 0
83.30, 0.12, 0
83.31, 0.09, 0
83.32, 0.04, 0
83.33, 0.04, 0
83.34, 0.06, 0
83.35, 0.08, 0
83.36, 0.13, 0
83.37, 0.07, 0
83.38, 0.04, 0
83.39, 0.06, 0
83.40, 0.07, 0
83.41, 0.12, 0
83.42, 0.15, 0
83.43, 0.12, 0
83.44, 0.10, 0
83.45, 0.08, 0
83.46, 0.09, 0
83.47, 0.07, 0
83.48, 0.09, 0
83.49, 0.06, 0
83.50, 0.10, 0
83.51, 0.06, 0
83.52, 0.13, 0
83.53, 0.19, 0
83.54, 0.20, 0
83.55, 0.28, 1
83.56, 0.18, 0
83.57, 0.11, 0
83.58, 0.02, 0
83.59, 0.10, 0
83.61, 0.11, 0
83.61, 0.15, 0
83.62, 0.04, 0
83.63, 0.10, 0
83.64, 0.13, 0
83.65, 0.13, 0
83.66, 0.09, 0
83.67, 0.10, 0
83.68, 0.13, 0
83.69, 0.14, 0
83.70, 0.14, 0
83.71, 0.10, 0
83.72, 0.12, 0
83.73, 0.03, 0
83.74, 0.03, 0
83.75, 0.07, 0
83.76, 0.09, 0
83.77, 0.05, 0
83.78, 0.15, 0
83.79, 0.14, 0
83.80, 0.07, 0
83.81, 0.11, 0
83.82, 0.19, 0
83.83, 0.11, 0
83.84, 0.17, 0
83.85, 0.17, 0
83.86, 0.13, 0
83.87, 0.16, 0
83.88, 0.13, 0
83.89, 0.05, 0
83.90, 0.06, 0
83.91, 0.03, 0
83.92, 0.05, 0
83.93, 0.05, 0
83.94, 0.05, 0
83.95, 0.06, 0
83.96, 0.13, 0
83.97, 0.09, 0
83.98, 0.05, 0
83.99, 0.04, 0
84.00, 0.06, 0
84.01, 0.06, 0
84.02, 0.15, 0
84.03, 0.17, 0
84.04, 0.20, 0
84.05, 0.14, 0
84.06, 0.11, 0
84.07, 0.14, 0
84.08, 0.20, 0
84.09, 0.16, 0
84.10, 0.09, 0
84.11, 0.06, 0
84.12, 0.03, 0
84.13, 0.05, 0
84.14, 0.09, 0
84.15, 0.11, 0
84.16, 0.09, 0
84.17, 0.03, 0
84.18, 0.03, 0
84.19, 0.05, 0
84.20, 0.01, 0
84.21, 0.12, 0
84.22, 0.12, 0
84.23, 0.16, 0
84.24, 0.20, 0
84.25, 0.18, 0
84.26, 0.17, 0
84.27, 0.17, 0
84.28, 0.15, 0
84.29, 0.11, 0
84.30, 0.13, 0
84.31, 0.12, 0
84.32, 0.01, 0
84.33, 0.12, 0
84.34, 0.17, 0
84.35, 0.20, 0
84.36, 0.27, 1
84.37, 0.27, 1
84.38, 0.24, 0
84.39, 0.25, 0
84.40, 0.15, 0
84.41, 0.18, 0
84.42, 0.18, 0
84.43, 0.25, 0
84.44, 0.17, 0
84.45, 0.09, 0
84.46, 0.05, 0
84.47, 0.08, 0
84.48, 0.14, 0
84.49, 0.23, 0
84.50, 0.27, 1
84.51, 0.29, 1
84.52, 0.24, 0
84.53, 0.25, 0
84.54, 0.09, 0
84.55, 0.06, 0
84.56, 0.13, 0
84.57, 0.13, 0
84.58, 0.20, 0
84.59, 0.21, 0
84.60, 0.18, 0
84.61, 0.16, 0
84.62, 0.19, 0
84.63, 0.15, 0
84.64, 0.18, 0
84.65, 0.31, 1
84.66, 0.29, 1
84.67, 0.29, 1
84.68, 0.35, 1
84.69, 0.25, 1
84.70, 0.19, 0
84.71, 0.14, 0
84.72, 0.10, 0
84.73, 0.15, 0
84.74, 0.21, 0
84.75, 0.22, 0
84.76, 0.21, 0
84.77, 0.14, 0
84.78, 0.06, 0
84.79, 0.06, 0
84.80, 0.12, 0
84.81, 0.13, 0
84.82, 0.15, 0
84.83, 0.19, 0
84.84, 0.15, 0
84.85, 0.13, 0
84.86, 0.10, 0
84.87, 0.09, 0
84.88, 0.11, 0
84.89, 0.10, 0
84.90, 0.16, 0
84.91, 0.06, 0
84.92, 0.13, 0
84.93, 0.11, 0
84.94, 0.05, 0
84.95, 0.05, 0
84.96, 0.06, 0
84.97, 0.10, 0
84.98, 0.15, 0
84.99, 0.17, 0
85.00, 0.10, 0
85.02, 0.11, 0
85.02, 0.10, 0
85.03, 0.05, 0
85.04, 0.12, 0
85.05, 0.09, 0
85.06, 0.07, 0
85.07, 0.06, 0
85.08, 0.04, 0
85.09, 0.04, 0
85.10, 0.06, 0
85.11, 0.14, 0
85.12, 0.10, 0
85.13, 0.09, 0
85.14, 0.12, 0
85.15, 0.07, 0
85.16, 0.10, 0
85.17, 0.08, 0
85.18, 0.12, 0
85.19, 0.08, 0
85.20, 0.07, 0
85.21, 0.00, 0
85.22, 0.04, 0
85.23, 0.09, 0
85.24, 0.13, 0
85.25, 0.10, 0
85.26, 0.07, 0
85.27, 0.13, 0
85.28, 0.02, 0
85.29, 0.10, 0
85.30, 0.06, 0
85.31, 0.08, 0
85.32, 0.08, 0
85.33, 0.11, 0
85.34, 0.04, 0
85.35, 0.15, 0
85.36, 0.10, 0
85.37, 0.19, 0
85.38, 0.22, 0
85.39, 0.26, 1
85.40, 0.15, 0
85.41, 0.17, 0
85.42, 0.13, 0
85.43, 0.09, 0
85.44, 0.13, 0
85.45, 0.11, 0
85.46, 0.13, 0
85.47, 0.08, 0
85.48, 0.09, 0
85.49, 0.07, 0
85.50, 0.06, 0
85.51, 0.08, 0
85.52, 0.13, 0
85.53, 0.14, 0
85.54, 0.12, 0
85.55, 0.05, 0
85.56, 0.03, 0
85.57, 0.03, 0
85.58, 0.12, 0
85.59, 0.11, 0
85.60, 0.08, 0
85.61, 0.09, 0
85.62, 0.12, 0
85.63, 0.08, 0
85.64, 0.03, 0
85.65, 0.07, 0
85.66, 0.02, 0
85.67, 0.03, 0
85.68, 0.09, 0
85.69, 0.09, 0
85.71, 0.12, 0
85.71, 0.07, 0
85.72, 0.16, 0
85.73, 0.12, 0
85.74, 0.11, 0
85.75, 0.15, 0
85.76, 0.14, 0
85.77, 0.13, 0
85.78, 0.20, 0
85.79, 0.13, 0
85.80, 0.17, 0
85.81, 0.11, 0
85.82, 0.18, 0
85.83, 0.14, 0
85.84, 0.11, 0
85.85, 0.20, 0
85.86, 0.20, 0
85.87, 0.16, 0
85.88, 0.13, 0
85.89, 0.09, 0
85.90, 0.12, 0
85.91, 0.11, 0
85.92, 0.09, 0
85.93, 0.05, 0
85.94, 0.03, 0
85.95, 0.12, 0
85.96, 0.20, 0
85.97, 0.18, 0
85.98, 0.20, 0
85.99, 0.14, 0
86.00, 0.15, 0
86.01, 0.11, 0
86.02, 0.09, 0
86.03, 0.12, 0
86.04, 0.09, 0
86.05, 0.12, 0
86.06, 0.14, 0
86.07, 0.15, 0
86.08, 0.15, 0
86.09, 0.20, 0
86.10, 0.16, 0
86.11, 0.10, 0
86.12, 0.10, 0
86.13, 0.13, 0
86.14, 0.07, 0
86.15, 0.08, 0
86.16, 0.09, 0
86.17, 0.13, 0
86.18, 0.15, 0
86.19, 0.16, 0
86.20, 0.02, 0
86.21, 0.05, 0
86.22, 0.10, 0
86.23, 0.12, 0
86.24, 0.08, 0
86.25, 0.13, 0
86.26, 0.03, 0
86.27, 0.05, 0
86.28, 0.08, 0
86.29, 0.08, 0
86.30, 0.02, 0
86.31, 0.11, 0
86.32, 0.18, 0
86.33, 0.23, 0
86.34, 0.27, 1
86.35, 0.34, 1
86.36, 0.32, 1
86.37, 0.38, 1
86.38, 0.27, 1
86.39, 0.25, 0
86.40, 0.16, 0
86.41, 0.11, 0
86.42, 0.08, 0
86.43, 0.04, 0
86.44, 0.08, 0
86.45, 0.08, 0
86.46, 0.02, 0
86.47, 0.04, 0
86.48, 0.14, 0
86.49, 0.12, 0
86.50, 0.08, 0
86.51, 0.12, 0
86.52, 0.21, 0
86.53, 0.16, 0
86.54, 0.12, 0
86.55, 0.15, 0
86.56, 0.18, 0
86.57, 0.16, 0
86.58, 0.13, 0
86.59, 0.10, 0
86.60, 0.12, 0
86.61, 0.04, 0
86.62, 0.05, 0
86.63, 0.09, 0
86.64, 0.07, 0
86.65, 0.07, 0
86.66, 0.08, 0
86.67, 0.11, 0
86.68, 0.11, 0
86.69, 0.14, 0
86.70, 0.09, 0
86.71, 0.09, 0
86.72, 0.13, 0
86.73, 0.11, 0
86.74, 0.13, 0
86.75, 0.19, 0
86.76, 0.16, 0
86.77, 0.18, 0
86.78, 0.16, 0
86.79, 0.06, 0
86.80, 0.04, 0
86.81, 0.11, 0
86.82, 0.10, 0
86.83, 0.10, 0
86.84, 0.16, 0
86.85, 0.24, 0
86.86, 0.25, 1
86.87, 0.21, 0
86.88, 0.18, 0
86.89, 0.08, 0
86.90, 0.00, 0
86.91, 0.17, 0
86.92, 0.14, 0
86.93, 0.15, 0
86.94, 0.18, 0
86.95, 0.06, 0
86.96, 0.02, 0
86.97, 0.07, 0
86.98, 0.14, 0
86.99, 0.11, 0
87.00, 0.07, 0
87.01, 0.10, 0
87.02, 0.08, 0
87.03, 0.05, 0
87.04, 0.05, 0
87.05, 0.06, 0
87.06, 0.11, 0
87.07, 0.16, 0
87.08, 0.19, 0
87.09, 0.23, 0
87.10, 0.16, 0
87.11, 0.13, 0
87.12, 0.09, 0
87.13, 0.06, 0
87.14, 0.04, 0
87.15, 0.12, 0
87.16, 0.21, 0
87.17, 0.12, 0
87.18, 0.18, 0
87.19, 0.19, 0
87.20, 0.12, 0
87.21, 0.20, 0
87.22, 0.22, 0
87.23, 0.37, 1
87.24, 0.22, 0
87.25, 0.26, 1
87.26, 0.20, 0
87.27, 0.11, 0
87.28, 0.13, 0
87.29, 0.12, 0
87.30, 0.16, 0
87.31, 0.12, 0
87.32, 0.07, 0
87.33, 0.17, 0
87.34, 0.17, 0
87.35, 0.10, 0
87.36, 0.04, 0
87.37, 0.10, 0
87.38, 0.12, 0
87.39, 0.07, 0
87.40, 0.15, 0
87.41, 0.13, 0
87.42, 0.10, 0
87.43, 0.24, 0
87.44, 0.11, 0
87.45, 0.15, 0
87.46, 0.11, 0
87.49, 0.06, 0
87.49, 0.05, 0
87.49, 0.11, 0
87.50, 0.22, 0
87.51, 0.25, 1
87.52, 0.19, 0
87.53, 0.25, 0
87.54, 0.25, 1
87.55, 0.19, 0
87.56, 0.21, 0
87.57, 0.21, 0
87.58, 0.12, 0
87.59, 0.08, 0
87.60, 0.07, 0
87.61, 0.07, 0
87.62, 0.05, 0
87.63, 0.17, 0
87.64, 0.10, 0
87.65, 0.13, 0
87.66, 0.16, 0
87.67, 0.19, 0
87.68, 0.17, 0
87.69, 0.14, 0
87.70, 0.20, 0
87.71, 0.25, 1
87.72, 0.22, 0
87.73, 0.19, 0
87.74, 0.22, 0
87.75, 0.19, 0
87.76, 0.12, 0
87.77, 0.08, 0
87.78, 0.05, 0
87.79, 0.04, 0
87.80, 0.03, 0
87.81, 0.09, 0
87.82, 0.10, 0
87.83, 0.11, 0
87.84, 0.16, 0
87.85, 0.14, 0
87.86, 0.12, 0
87.87, 0.15, 0
87.88, 0.23, 0
87.89, 0.25, 1
87.90, 0.28, 1
87.91, 0.32, 1
87.92, 0.29, 1
87.93, 0.20, 0
87.94, 0.18, 0
87.95, 0.13, 0
87.96, 0.15, 0
87.97, 0.11, 0
87.98, 0.11, 0
87.99, 0.19, 0
88.00, 0.17, 0
88.01, 0.18, 0
88.02, 0.19, 0
88.03, 0.15, 0
88.04, 0.08, 0
88.05, 0.03, 0
88.06, 0.05, 0
88.07, 0.08, 0
88.08, 0.11, 0
88.09, 0.29, 1
88.10, 0.48, 1
88.11, 0.60, 1
88.12, 0.64, 1
88.13, 0.72, 1
88.14, 0.67, 1
88.15, 0.64, 1
88.16, 0.53, 1
88.17, 0.49, 1
88.18, 0.45, 1
88.19, 0.37, 1
88.20, 0.24, 0
88.21, 0.13, 0
88.22, 0.10, 0
88.23, 0.12, 0
88.24, 0.09, 0
88.25, 0.24, 0
88.26, 0.22, 0
88.27, 0.20, 0
88.28, 0.18, 0
88.29, 0.12, 0
88.30, 0.15, 0
88.31, 0.22, 0
88.32, 0.36, 1
88.33, 0.53, 1
88.34, 0.54, 1
88.35, 0.58, 1
88.36, 0.76, 1
88.37, 0.96, 1
88.38, 0.96, 1
88.39, 0.87, 1
88.40, 1.06, 1
88.41, 0.91, 1
88.42, 0.62, 1
88.43, 0.69, 1
88.44, 0.63, 1
88.45, 0.63, 1
88.46, 0.62, 1
88.47, 0.61, 1
88.48, 0.56, 1
88.49, 0.46, 1
88.50, 0.40, 1
88.51, 0.32, 1
88.52, 0.25, 0
88.53, 0.20, 0
88.54, 0.12, 0
88.55, 0.07, 0
88.56, 0.09, 0
88.57, 0.08, 0
88.58, 0.11, 0
88.59, 0.19, 0
88.60, 0.30, 1
88.61, 0.27, 1
88.62, 0.42, 1
88.63, 0.50, 1
88.64, 0.48, 1
88.65, 0.44, 1
88.66, 0.35, 1
88.67, 0.07, 0
88.68, 0.35, 1
88.69, 0.55, 1
88.70, 0.51, 1
88.71, 0.33, 1
88.72, 0.44, 1
88.73, 0.64, 1
88.74, 0.74, 1
88.75, 0.60, 1
88.76, 0.52, 1
88.77, 0.49, 1
88.78, 0.52, 1
88.79, 0.39, 1
88.80, 0.36, 1
88.81, 0.30, 1
88.82, 0.07, 0
88.83, 0.23, 0
88.84, 0.45, 1
88.85, 0.42, 1
88.86, 0.53, 1
88.87, 0.61, 1
88.89, 0.56, 1
88.89, 0.59, 1
88.90, 0.61, 1
88.91, 0.58, 1
88.92, 0.50, 1
88.93, 0.48, 1
88.94, 0.42, 1
88.95, 0.26, 1
88.96, 0.13, 0
88.97, 0.14, 0
88.98, 0.17, 0
88.99, 0.26, 1
89.00, 0.31, 1
89.01, 0.29, 1
89.02, 0.27, 1
89.03, 0.18, 0
89.04, 0.11, 0
89.05, 0.09, 0
89.06, 0.24, 0
89.07, 0.31, 1
89.08, 0.39, 1
89.09, 0.41, 1
89.10, 0.40, 1
89.11, 0.41, 1
89.12, 0.46, 1
89.13, 0.48, 1
89.14, 0.56, 1
89.15, 0.56, 1
89.16, 0.49, 1
89.17, 0.50, 1
89.18, 0.44, 1
89.19, 0.37, 1
89.20, 0.34, 1
89.21, 0.28, 1
89.22, 0.22, 0
89.23, 0.07, 0
89.24, 0.04, 0
89.25, 0.08, 0
89.26, 0.17, 0
89.27, 0.22, 0
89.28, 0.22, 0
89.29, 0.19, 0
89.30, 0.07, 0
89.31, 0.12, 0
89.32, 0.20, 0
89.33, 0.26, 1
89.34, 0.41, 1
89.35, 0.48, 1
89.36, 0.56, 1
89.37, 0.66, 1
89.38, 0.73, 1
89.39, 0.74, 1
89.40, 0.74, 1
89.41, 0.74, 1
89.42, 0.65, 1
89.43, 0.60, 1
89.44, 0.54, 1
89.45, 0.40, 1
89.46, 0.30, 1
89.47, 0.23, 0
89.48, 0.15, 0
89.49, 0.24, 0
89.50, 0.33, 1
89.51, 0.38, 1
89.52, 0.43, 1
89.53, 0.50, 1
89.54, 0.50, 1
89.55, 0.44, 1
89.56, 0.30, 1
89.57, 0.23, 0
89.58, 0.15, 0
89.59, 0.14, 0
89.60, 0.27, 1
89.61, 0.35, 1
89.62, 0.39, 1
89.63, 0.44, 1
89.64, 0.42, 1
89.65, 0.35, 1
89.66, 0.24, 0
89.67, 0.21, 0
89.68, 0.24, 0
89.69, 0.30, 1
89.70, 0.33, 1
89.71, 0.32, 1
89.72, 0.25, 0
89.73, 0.16, 0
89.74, 0.07, 0
89.75, 0.09, 0
89.76, 0.17, 0
89.77, 0.21, 0
89.78, 0.23, 0
89.79, 0.25, 0
89.80, 0.24, 0
89.81, 0.19, 0
89.82, 0.17, 0
89.83, 0.13, 0
89.84, 0.16, 0
89.85, 0.21, 0
89.86, 0.31, 1
89.87, 0.29, 1
89.88, 0.30, 1
89.89, 0.32, 1
89.90, 0.26, 1
89.91, 0.25, 0
89.92, 0.24, 0
89.93, 0.15, 0
89.94, 0.13, 0
89.95, 0.03, 0
89.96, 0.10, 0
89.97, 0.15, 0
89.98, 0.19, 0
89.99, 0.11, 0
90.00, 0.05, 0
90.01, 0.11, 0
90.02, 0.19, 0
90.03, 0.29, 1
90.04, 0.34, 1
90.05, 0.32, 1
90.06, 0.23, 0
90.07, 0.18, 0
90.08, 0.16, 0
90.09, 0.05, 0
90.10, 0.14, 0
90.11, 0.26, 1
90.12, 0.23, 0
90.13, 0.35, 1
90.14, 0.42, 1
90.15, 0.35, 1
90.16, 0.42, 1
90.17, 0.49, 1
90.18, 0.46, 1
90.19, 0.40, 1
90.20, 0.40, 1
90.21, 0.31, 1
90.22, 0.24, 0
90.23, 0.28, 1
90.24, 0.24, 0
90.25, 0.23, 0
90.26, 0.25, 1
90.27, 0.27, 1
90.28, 0.23, 0
90.30, 0.21, 0
90.30, 0.25, 0
90.31, 0.35, 1
90.32, 0.39, 1
90.33, 0.45, 1
90.34, 0.40, 1
90.35, 0.30, 1
90.36, 0.21, 0
90.37, 0.17, 0
90.38, 0.09, 0
90.39, 0.12, 0
90.40, 0.21, 0
90.41, 0.19, 0
90.42, 0.29, 1
90.43, 0.31, 1
90.44, 0.33, 1
90.45, 0.23, 0
90.46, 0.21, 0
90.47, 0.15, 0
90.48, 0.06, 0
90.49, 0.14, 0
90.50, 0.27, 1
90.51, 0.36, 1
90.52, 0.22, 0
90.53, 0.16, 0
90.54, 0.24, 0
90.55, 0.15, 0
90.56, 0.30, 1
90.57, 0.42, 1
90.58, 0.47, 1
90.59, 0.55, 1
90.60, 0.55, 1
90.61, 0.49, 1
90.62, 0.43, 1
90.63, 0.29, 1
90.64, 0.19, 0
90.65, 0.15, 0
90.66, 0.13, 0
90.67, 0.11, 0
90.68, 0.11, 0
90.69, 0.10, 0
90.70, 0.07, 0
90.71, 0.04, 0
90.72, 0.06, 0
90.73, 0.10, 0
90.74, 0.13, 0
90.75, 0.18, 0
90.76, 0.22, 0
90.77, 0.26, 1
90.78, 0.26, 1
90.79, 0.31, 1
90.80, 0.27, 1
90.81, 0.27, 1
90.82, 0.23, 0
90.83, 0.19, 0
90.84, 0.15, 0
90.85, 0.11, 0
90.86, 0.06, 0
90.87, 0.06, 0
90.88, 0.03, 0
90.89, 0.07, 0
90.90, 0.12, 0
90.91, 0.08, 0
90.92, 0.07, 0
90.93, 0.07, 0
90.94, 0.02, 0
90.95, 0.05, 0
90.96, 0.08, 0
90.97, 0.15, 0
90.98, 0.13, 0
90.99, 0.14, 0
91.00, 0.07, 0
91.01, 0.07, 0
91.02, 0.12, 0
91.03, 0.23, 0
91.04, 0.29, 1
91.05, 0.26, 1
91.06, 0.23, 0
91.07, 0.15, 0
91.08, 0.07, 0
91.09, 0.09, 0
91.10, 0.06, 0
91.11, 0.14, 0
91.12, 0.14, 0
91.13, 0.14, 0
91.14, 0.16, 0
91.15, 0.11, 0
91.16, 0.09, 0
91.17, 0.09, 0
91.18, 0.07, 0
91.19, 0.10, 0
91.20, 0.10, 0
91.21, 0.10, 0
91.22, 0.09, 0
91.23, 0.08, 0
91.24, 0.07, 0
91.25, 0.10, 0
91.26, 0.05, 0
91.27, 0.05, 0
91.28, 0.04, 0
91.29, 0.07, 0
91.30, 0.12, 0
91.31, 0.07, 0
91.32, 0.09, 0
91.33, 0.13, 0
91.34, 0.17, 0
91.35, 0.25, 0
91.36, 0.27, 1
91.37, 0.30, 1
91.38, 0.22, 0
91.39, 0.15, 0
91.40, 0.11, 0
91.41, 0.02, 0
91.42, 0.07, 0
91.43, 0.14, 0
91.44, 0.14, 0
91.45, 0.13, 0
91.46, 0.09, 0
91.47, 0.11, 0
91.48, 0.08, 0
91.49, 0.11, 0
91.50, 0.11, 0
91.51, 0.06, 0
91.52, 0.06, 0
91.53, 0.07, 0
91.54, 0.04, 0
91.55, 0.02, 0
91.56, 0.06, 0
91.57, 0.05, 0
91.58, 0.02, 0
91.59, 0.02, 0
91.60, 0.05, 0
91.61, 0.01, 0
91.62, 0.04, 0
91.63, 0.06, 0
91.64, 0.04, 0
91.65, 0.08, 0
91.66, 0.10, 0
91.67, 0.10, 0
91.68, 0.12, 0
91.69, 0.10, 0
91.70, 0.09, 0
91.71, 0.02, 0
91.72, 0.08, 0
91.73, 0.11, 0
91.74, 0.17, 0
91.75, 0.16, 0
91.76, 0.11, 0
91.77, 0.07, 0
91.78, 0.12, 0
91.79, 0.07, 0
91.80, 0.16, 0
91.81, 0.06, 0
91.82, 0.09, 0
91.83, 0.13, 0
91.84, 0.16, 0
91.85, 0.12, 0
91.86, 0.12, 0
91.87, 0.09, 0
91.88, 0.04, 0
91.89, 0.04, 0
91.90, 0.05, 0
91.91, 0.08, 0
91.92, 0.09, 0
91.93, 0.06, 0
91.94, 0.03, 0
91.95, 0.08, 0
91.96, 0.09, 0
91.97, 0.11, 0
91.98, 0.12, 0
91.99, 0.07, 0
92.00, 0.05, 0
92.01, 0.12, 0
92.02, 0.17, 0
92.03, 0.16, 0
92.04, 0.19, 0
92.05, 0.17, 0
92.06, 0.06, 0
92.07, 0.07, 0
92.08, 0.08, 0
92.09, 0.08, 0
92.10, 0.10, 0
92.11, 0.11, 0
92.12, 0.09, 0
92.13, 0.05, 0
92.14, 0.05, 0
92.15, 0.04, 0
92.16, 0.12, 0
92.17, 0.17, 0
92.18, 0.21, 0
92.19, 0.15, 0
92.20, 0.12, 0
92.21, 0.13, 0
92.22, 0.10, 0
92.23, 0.01, 0
92.24, 0.06, 0
92.25, 0.04, 0
92.26, 0.09, 0
92.27, 0.06, 0
92.28, 0.07, 0
92.29, 0.04, 0
92.30, 0.04, 0
92.31, 0.04, 0
92.32, 0.06, 0
92.33, 0.05, 0
92.34, 0.03, 0
92.35, 0.04, 0
92.36, 0.07, 0
92.37, 0.02, 0
92.38, 0.06, 0
92.39, 0.06, 0
92.40, 0.02, 0
92.41, 0.08, 0
92.42, 0.10, 0
92.43, 0.10, 0
92.44, 0.08, 0
92.45, 0.07, 0
92.46, 0.09, 0
92.47, 0.07, 0
92.48, 0.07, 0
92.49, 0.06, 0
92.50, 0.08, 0
92.51, 0.07, 0
92.52, 0.10, 0
92.53, 0.03, 0
92.54, 0.04, 0
92.55, 0.03, 0
92.56, 0.09, 0
92.57, 0.05, 0
92.58, 0.08, 0
92.59, 0.01, 0
92.60, 0.05, 0
92.61, 0.04, 0
92.62, 0.03, 0
92.63, 0.04, 0
92.64, 0.04, 0
92.65, 0.04, 0
92.66, 0.05, 0
92.67, 0.09, 0
92.68, 0.04, 0
92.69, 0.03, 0
92.70, 0.12, 0
92.71, 0.16, 0
92.72, 0.08, 0
92.73, 0.05, 0
92.74, 0.09, 0
92.76, 0.10, 0
92.76, 0.04, 0
92.77, 0.05, 0
92.78, 0.05, 0
92.79, 0.06, 0
92.80, 0.07, 0
92.81, 0.11, 0
92.82, 0.11, 0
92.83, 0.07, 0
92.84, 0.09, 0
92.85, 0.09, 0
92.86, 0.07, 0
92.87, 0.05, 0
92.88, 0.07, 0
92.89, 0.08, 0
92.90, 0.09, 0
92.91, 0.02, 0
92.92, 0.03, 0
92.93, 0.13, 0
92.94, 0.16, 0
92.95, 0.12, 0
92.96, 0.15, 0
92.97, 0.17, 0
92.98, 0.15, 0
92.99, 0.08, 0
93.00, 0.05, 0
93.01, 0.05, 0
93.02, 0.04, 0
93.03, 0.03, 0
93.04, 0.04, 0
93.05, 0.07, 0
93.06, 0.17, 0
93.07, 0.15, 0
93.08, 0.13, 0
93.09, 0.13, 0
93.10, 0.10, 0
93.11, 0.03, 0
93.12, 0.09, 0
93.13, 0.13, 0
93.14, 0.13, 0
93.15, 0.19, 0
93.16, 0.21, 0
93.17, 0.21, 0
93.18, 0.17, 0
93.19, 0.11, 0
93.20, 0.10, 0
93.21, 0.06, 0
93.22, 0.03, 0
93.23, 0.06, 0
93.24, 0.09, 0
93.25, 0.09, 0
93.26, 0.04, 0
93.27, 0.04, 0
93.28, 0.11, 0
93.29, 0.07, 0
93.30, 0.07, 0
93.31, 0.10, 0
93.32, 0.06, 0
93.33, 0.03, 0
93.34, 0.08, 0
93.35, 0.05, 0
93.36, 0.02, 0
93.37, 0.02, 0
93.38, 0.03, 0
93.39, 0.06, 0
93.40, 0.05, 0
93.41, 0.12, 0
93.42, 0.04, 0
93.43, 0.09, 0
93.44, 0.15, 0
93.45, 0.13, 0
93.46, 0.05, 0
93.47, 0.02, 0
93.48, 0.09, 0
93.49, 0.07, 0
93.50, 0.12, 0
93.51, 0.13, 0
93.52, 0.10, 0
93.53, 0.13, 0
93.54, 0.18, 0
93.55, 0.22, 0
93.56, 0.15, 0
93.57, 0.09, 0
93.58, 0.06, 0
93.59, 0.05, 0
93.60, 0.09, 0
93.61, 0.16, 0
93.62, 0.14, 0
93.63, 0.10, 0
93.64, 0.08, 0
93.65, 0.10, 0
93.66, 0.03, 0
93.67, 0.05, 0
93.68, 0.04, 0
93.69, 0.05, 0
93.70, 0.07, 0
93.71, 0.11, 0
93.72, 0.07, 0
93.73, 0.05, 0
93.74, 0.03, 0
93.75, 0.10, 0
93.76, 0.13, 0
93.77, 0.05, 0
93.78, 0.06, 0
93.79, 0.04, 0
93.80, 0.09, 0
93.81, 0.07, 0
93.82, 0.08, 0
93.83, 0.05, 0
93.84, 0.07, 0
93.85, 0.06, 0
93.86, 0.10, 0
93.87, 0.10, 0
93.88, 0.10, 0
93.89, 0.11, 0
93.90, 0.11, 0
93.91, 0.03, 0
93.92, 0.07, 0
93.93, 0.03, 0
93.94, 0.03, 0
93.95, 0.05, 0
93.96, 0.09, 0
93.97, 0.13, 0
93.98, 0.10, 0
93.99, 0.08, 0
94.00, 0.04, 0
94.01, 0.03, 0
94.02, 0.06, 0
94.03, 0.07, 0
94.04, 0.07, 0
94.05, 0.03, 0
94.06, 0.07, 0
94.07, 0.14, 0
94.08, 0.12, 0
94.09, 0.15, 0
94.10, 0.16, 0
94.11, 0.12, 0
94.12, 0.07, 0
94.13, 0.12, 0
94.14, 0.20, 0
94.15, 0.24, 0
94.17, 0.28, 1
94.17, 0.31, 1
94.18, 0.33, 1
94.19, 0.30, 1
94.20, 0.26, 1
94.21, 0.22, 0
94.22, 0.20, 0
94.23, 0.17, 0
94.24, 0.13, 0
94.25, 0.11, 0
94.26, 0.10, 0
94.27, 0.11, 0
94.28, 0.08, 0
94.29, 0.04, 0
94.30, 0.05, 0
94.31, 0.03, 0
94.32, 0.06, 0
94.33, 0.10, 0
94.34, 0.12, 0
94.35, 0.12, 0
94.36, 0.12, 0
94.37, 0.12, 0
94.38, 0.11, 0
94.39, 0.08, 0
94.40, 0.08, 0
94.41, 0.09, 0
94.42, 0.09, 0
94.43, 0.07, 0
94.44, 0.06, 0
94.45, 0.06, 0
94.46, 0.06, 0
94.47, 0.05, 0
94.48, 0.05, 0
94.49, 0.05, 0
94.50, 0.05, 0
94.52, 0.04, 0
94.52, 0.03, 0
94.53, 0.03, 0
94.54, 0.03, 0
94.55, 0.03, 0
94.56, 0.03, 0
94.57, 0.03, 0
94.58, 0.03, 0
94.59, 0.03, 0
94.60, 0.02, 0
94.61, 0.02, 0
94.62, 0.02, 0
94.63, 0.02, 0
94.64, 0.01, 0
94.65, 0.01, 0
94.66, 0.00, 0
94.67, 0.00, 0
94.68, 0.01, 0
94.69, 0.01, 0
94.70, 0.01, 0
94.71, 0.01, 0
94.72, 0.01, 0
94.73, 0.01, 0
94.74, 0.01, 0
94.75, 0.00, 0
94.76, 0.00, 0
94.77, 0.00, 0
94.78, 0.01, 0
94.79, 0.01, 0
94.80, 0.01, 0
94.81, 0.01, 0
94.82, 0.00, 0
94.83, 0.01, 0
94.84, 0.00, 0
94.85, 0.00, 0
94.86, 0.00, 0
94.87, 0.00, 0
94.88, 0.00, 0
94.89, 0.00, 0
94.90, 0.00, 0
94.91, 0.00, 0
94.92, 0.00, 0
94.93, 0.00, 0
94.94, 0.00, 0
94.95, 0.00, 0
94.96, 0.00, 0
94.97, 0.00, 0
94.98, 0.00, 0
94.99, 0.00, 0
95.00, 0.00, 0
95.01, 0.00, 0
95.02, 0.00, 0
95.03, 0.00, 0
95.04, 0.00, 0
95.05, 0.00, 0
95.06, 0.00, 0
95.07, 0.00, 0
95.08, 0.00, 0
95.09, 0.00, 0
95.10, 0.00, 0
95.11, 0.00, 0
95.12, 0.00, 0
95.13, 0.00, 0
95.14, 0.00, 0
95.15, 0.00, 0
95.16, 0.00, 0
95.17, 0.00, 0
95.18, 0.00, 0
95.19, 0.00, 0
95.20, 0.00, 0
95.21, 0.00, 0
95.22, 0.00, 0
95.23, 0.00, 0
95.24, 0.00, 0
95.25, 0.00, 0
95.26, 0.00, 0
95.27, 0.00, 0
95.28, 0.00, 0
95.29, 0.00, 0
95.30, 0.00, 0
95.31, 0.00, 0
95.32, 0.00, 0
95.33, 0.00, 0
95.34, 0.00, 0
95.35, 0.00, 0
95.36, 0.00, 0
95.37, 0.00, 0
95.38, 0.00, 0
95.39, 0.00, 0
95.40, 0.00, 0
95.41, 0.00, 0
95.42, 0.00, 0
95.43, 0.00, 0
95.44, 0.00, 0
95.45, 0.00, 0
95.46, 0.00, 0
95.47, 0.00, 0
95.48, 0.00, 0
95.49, 0.00, 0
95.50, 0.00, 0
95.51, 0.00, 0
95.52, 0.00, 0
95.53, 0.00, 0
95.54, 0.00, 0
95.55, 0.00, 0
95.56, 0.00, 0
95.58, 0.00, 0
95.58, 0.00, 0
95.59, 0.00, 0
95.60, 0.00, 0
95.61, 0.00, 0
95.62, 0.00, 0
95.63, 0.00, 0
95.64, 0.00, 0
95.65, 0.00, 0
95.66, 0.00, 0
95.67, 0.00, 0
95.68, 0.00, 0
95.69, 0.00, 0
95.70, 0.00, 0
95.71, 0.00, 0
95.72, 0.00, 0
95.73, 0.00, 0
95.74, 0.00, 0
95.75, 0.00, 0
95.76, 0.00, 0
95.77, 0.00, 0
95.78, 0.00, 0
95.79, 0.00, 0
95.80, 0.00, 0
95.81, 0.00, 0
95.82, 0.00, 0
95.83, 0.00, 0
95.84, 0.00, 0
95.85, 0.00, 0
95.86, 0.00, 0
95.87, 0.00, 0
95.88, 0.00, 0
95.89, 0.00, 0
95.90, 0.00, 0
95.91, 0.00, 0
95.92, 0.00, 0
95.93, 0.00, 0
95.94, 0.00, 0
95.95, 0.00, 0
95.96, 0.00, 0
95.97, 0.00, 0
95.98, 0.00, 0
95.99, 0.00, 0
96.00, 0.00, 0
96.01, 0.00, 0
96.02, 0.00, 0
96.03, 0.00, 0
96.04, 0.00, 0
96.05, 0.00, 0
96.06, 0.00, 0
96.07, 0.00, 0
96.08, 0.00, 0
96.09, 0.00, 0
96.10, 0.00, 0
96.11, 0.00, 0
96.12, 0.00, 0
96.13, 0.00, 0
96.14, 0.00, 0
96.15, 0.00, 0
96.16, 0.00, 0
96.17, 0.00, 0
96.18, 0.00, 0
96.19, 0.00, 0
96.20, 0.00, 0
96.21, 0.00, 0
96.22, 0.00, 0
96.23, 0.00, 0
96.24, 0.00, 0
96.25, 0.00, 0
96.26, 0.00, 0
96.27, 0.00, 0
96.28, 0.00, 0
96.29, 0.00, 0
96.30, 0.00, 0
96.31, 0.00, 0
96.32, 0.00, 0
96.33, 0.00, 0
96.34, 0.00, 0
96.35, 0.00, 0
96.36, 0.00, 0
96.37, 0.00, 0
96.38, 0.00, 0
96.39, 0.00, 0
96.40, 0.00, 0
96.41, 0.00, 0
96.42, 0.00, 0
96.43, 0.00, 0
96.44, 0.00, 0
96.45, 0.00, 0
96.46, 0.00, 0
96.47, 0.00, 0
96.48, 0.00, 0
96.49, 0.00, 0
96.50, 0.00, 0
96.51, 0.00, 0
96.52, 0.00, 0
96.53, 0.00, 0
96.54, 0.00, 0
96.55, 0.00, 0
96.56, 0.00, 0
96.57, 0.00, 0
96.58, 0.00, 0
96.59, 0.00, 0
96.60, 0.00, 0
96.61, 0.00, 0
96.62, 0.00, 0
96.63, 0.00, 0
96.64, 0.00, 0
96.65, 0.00, 0
96.66, 0.00, 0
96.67, 0.00, 0
96.68, 0.00, 0
96.69, 0.00, 0
96.70, 0.00, 0
96.71, 0.00, 0
96.72, 0.00, 0
96.73, 0.00, 0
96.74, 0.00, 0
96.75, 0.00, 0
96.76, 0.00, 0
96.77, 0.00, 0
96.78, 0.00, 0
96.79, 0.00, 0
96.80, 0.00, 0
96.81, 0.00, 0
96.82, 0.00, 0
96.83, 0.00, 0
96.84, 0.00, 0
96.85, 0.00, 0
96.86, 0.00, 0
96.87, 0.00, 0
96.88, 0.00, 0
96.89, 0.00, 0
96.90, 0.00, 0
96.91, 0.00, 0
96.92, 0.00, 0
96.93, 0.00, 0
96.94, 0.00, 0
96.95, 0.00, 0
96.96, 0.00, 0
96.97, 0.00, 0
96.98, 0.00, 0
96.99, 0.00, 0
97.00, 0.00, 0
97.01, 0.00, 0
97.02, 0.00, 0
97.03, 0.00, 0
97.04, 0.00, 0
97.05, 0.00, 0
97.06, 0.01, 0
97.07, 0.01, 0
97.08, 0.00, 0
97.09, 0.01, 0
97.10, 0.00, 0
97.11, 0.00, 0
97.12, 0.00, 0
97.13, 0.04, 0
97.14, 0.08, 0
97.15, 0.09, 0
97.16, 0.08, 0
97.17, 0.08, 0
97.18, 0.07, 0
97.19, 0.03, 0
97.20, 0.04, 0
97.21, 0.04, 0
97.22, 0.04, 0
97.23, 0.09, 0
97.24, 0.12, 0
97.25, 0.08, 0
97.26, 0.02, 0
97.27, 0.03, 0
97.28, 0.06, 0
97.29, 0.11, 0
97.30, 0.12, 0
97.31, 0.10, 0
97.32, 0.09, 0
97.33, 0.08, 0
97.34, 0.08, 0
97.35, 0.07, 0
97.36, 0.09, 0
97.37, 0.11, 0
97.38, 0.11, 0
97.39, 0.08, 0
97.40, 0.10, 0
97.41, 0.07, 0
97.42, 0.05, 0
97.43, 0.05, 0
97.44, 0.06, 0
97.45, 0.01, 0
97.46, 0.03, 0
97.47, 0.01, 0
97.48, 0.02, 0
97.49, 0.06, 0
97.50, 0.10, 0
97.51, 0.04, 0
97.52, 0.11, 0
97.53, 0.10, 0
97.54, 0.07, 0
97.55, 0.08, 0
97.56, 0.04, 0
97.57, 0.08, 0
97.58, 0.06, 0
97.59, 0.08, 0
97.60, 0.05, 0
97.61, 0.07, 0
97.62, 0.03, 0
97.63, 0.10, 0
97.64, 0.00, 0
97.65, 0.06, 0
97.66, 0.05, 0
97.67, 0.01, 0
97.68, 0.05, 0
97.69, 0.12, 0
97.70, 0.12, 0
97.71, 0.18, 0
97.72, 0.18, 0
97.73, 0.16, 0
97.74, 0.11, 0
97.75, 0.01, 0
97.76, 0.07, 0
97.77, 0.09, 0
97.78, 0.14, 0
97.79, 0.15, 0
97.80, 0.11, 0
97.81, 0.05, 0
97.82, 0.03, 0
97.83, 0.06, 0
97.84, 0.10, 0
97.85, 0.11, 0
97.86, 0.09, 0
97.87, 0.09, 0
97.88, 0.08, 0
97.89, 0.08, 0
97.90, 0.09, 0
97.91, 0.13, 0
97.92, 0.14, 0
97.93, 0.09, 0
97.94, 0.07, 0
97.95, 0.07, 0
97.96, 0.05, 0
97.97, 0.12, 0
97.98, 0.11, 0
97.99, 0.11, 0
98.00, 0.11, 0
98.01, 0.08, 0
98.02, 0.14, 0
98.04, 0.18, 0
98.04, 0.11, 0
98.05, 0.03, 0
98.06, 0.07, 0
98.07, 0.05, 0
98.08, 0.10, 0
98.09, 0.11, 0
98.10, 0.07, 0
98.11, 0.05, 0
98.12, 0.06, 0
98.13, 0.12, 0
98.14, 0.13, 0
98.15, 0.18, 0
98.16, 0.16, 0
98.17, 0.12, 0
98.18, 0.14, 0
98.19, 0.12, 0
98.20, 0.03, 0
98.21, 0.04, 0
98.22, 0.04, 0
98.23, 0.07, 0
98.24, 0.08, 0
98.25, 0.08, 0
98.26, 0.00, 0
98.27, 0.05, 0
98.28, 0.06, 0
98.29, 0.12, 0
98.30, 0.06, 0
98.31, 0.02, 0
98.32, 0.03, 0
98.33, 0.05, 0
98.34, 0.04, 0
98.35, 0.05, 0
98.36, 0.06, 0
98.37, 0.10, 0
98.38, 0.11, 0
98.39, 0.12, 0
98.40, 0.06, 0
98.41, 0.02, 0
98.42, 0.05, 0
98.43, 0.04, 0
98.44, 0.13, 0
98.45, 0.12, 0
98.46, 0.11, 0
98.47, 0.08, 0
98.48, 0.13, 0
98.49, 0.13, 0
98.50, 0.11, 0
98.51, 0.11, 0
98.52, 0.13, 0
98.53, 0.12, 0
98.54, 0.08, 0
98.55, 0.02, 0
98.56, 0.04, 0
98.57, 0.04, 0
98.58, 0.08, 0
98.59, 0.15, 0
98.60, 0.16, 0
98.61, 0.15, 0
98.62, 0.12, 0
98.63, 0.10, 0
98.64, 0.08, 0
98.65, 0.03, 0
98.66, 0.05, 0
98.67, 0.03, 0
98.68, 0.00, 0
98.69, 0.01, 0
98.70, 0.04, 0
98.71, 0.13, 0
98.72, 0.22, 0
98.73, 0.13, 0
98.74, 0.15, 0
98.75, 0.13, 0
98.76, 0.13, 0
98.77, 0.07, 0
98.78, 0.08, 0
98.79, 0.07, 0
98.80, 0.08, 0
98.81, 0.01, 0
98.82, 0.03, 0
98.83, 0.02, 0
98.84, 0.05, 0
98.85, 0.04, 0
98.86, 0.15, 0
98.87, 0.11, 0
98.88, 0.09, 0
98.89, 0.10, 0
98.90, 0.12, 0
98.91, 0.11, 0
98.92, 0.06, 0
98.93, 0.07, 0
98.94, 0.07, 0
98.95, 0.11, 0
98.96, 0.11, 0
98.97, 0.08, 0
98.98, 0.14, 0
98.99, 0.06, 0
99.00, 0.07, 0
99.01, 0.10, 0
99.02, 0.13, 0
99.03, 0.05, 0
99.04, 0.06, 0
99.05, 0.08, 0
99.06, 0.06, 0
99.07, 0.05, 0
99.08, 0.12, 0
99.09, 0.11, 0
99.10, 0.16, 0
99.11, 0.15, 0
99.12, 0.17, 0
99.13, 0.11, 0
99.14, 0.02, 0
99.15, 0.11, 0
99.16, 0.03, 0
99.17, 0.06, 0
99.18, 0.08, 0
99.19, 0.11, 0
99.20, 0.11, 0
99.21, 0.13, 0
99.22, 0.08, 0
99.23, 0.07, 0
99.24, 0.04, 0
99.25, 0.07, 0
99.26, 0.10, 0
99.27, 0.02, 0
99.28, 0.02, 0
99.29, 0.08, 0
99.30, 0.07, 0
99.31, 0.11, 0
99.32, 0.07, 0
99.33, 0.12, 0
99.34, 0.14, 0
99.35, 0.19, 0
99.36, 0.15, 0
99.37, 0.04, 0
99.38, 0.12, 0
99.39, 0.04, 0
99.40, 0.05, 0
99.41, 0.08, 0
99.42, 0.13, 0
99.43, 0.12, 0
99.45, 0.17, 0
99.45, 0.19, 0
99.46, 0.11, 0
99.47, 0.08, 0
99.48, 0.05, 0
99.49, 0.04, 0
99.50, 0.07, 0
99.51, 0.11, 0
99.52, 0.08, 0
99.53, 0.03, 0
99.54, 0.08, 0
99.55, 0.04, 0
99.56, 0.07, 0
99.57, 0.09, 0
99.58, 0.10, 0
99.59, 0.06, 0
99.60, 0.13, 0
99.61, 0.07, 0
99.62, 0.05, 0
99.63, 0.03, 0
99.64, 0.09, 0
99.65, 0.12, 0
99.66, 0.13, 0
99.67, 0.15, 0
99.68, 0.12, 0
99.69, 0.06, 0
99.70, 0.02, 0
99.71, 0.03, 0
99.72, 0.07, 0
99.73, 0.10, 0
99.74, 0.08, 0
99.75, 0.03, 0
99.76, 0.03, 0
99.77, 0.02, 0
99.78, 0.08, 0
99.79, 0.10, 0
99.80, 0.08, 0
99.81, 0.08, 0
99.82, 0.08, 0
99.83, 0.12, 0
99.84, 0.09, 0
99.85, 0.08, 0
99.86, 0.09, 0
99.87, 0.10, 0
99.88, 0.13, 0
99.89, 0.14, 0
99.90, 0.17, 0
99.91, 0.13, 0
99.92, 0.08, 0
99.93, 0.01, 0
99.94, 0.09, 0
99.95, 0.07, 0
99.96, 0.05, 0
99.97, 0.06, 0
99.98, 0.08, 0
99.99, 0.07, 0
100.00, 0.04, 0
100.01, 0.08, 0
100.02, 0.05, 0
100.03, 0.05, 0
100.04, 0.03, 0
100.05, 0.02, 0
100.06, 0.03, 0
100.07, 0.06, 0
100.08, 0.06, 0
100.09, 0.07, 0
100.10, 0.09, 0
100.11, 0.09, 0
100.12, 0.10, 0
100.13, 0.10, 0
100.14, 0.10, 0
100.15, 0.05, 0
100.16, 0.11, 0
100.17, 0.12, 0
100.18, 0.12, 0
100.19, 0.09, 0
100.20, 0.07, 0
100.21, 0.05, 0
100.22, 0.07, 0
100.23, 0.05, 0
100.24, 0.05, 0
100.25, 0.08, 0
100.26, 0.07, 0
100.27, 0.08, 0
100.28, 0.12, 0
100.29, 0.07, 0
100.30, 0.08, 0
100.31, 0.08, 0
100.32, 0.12, 0
100.33, 0.06, 0
100.34, 0.03, 0
100.35, 0.05, 0
100.36, 0.07, 0
100.37, 0.09, 0
100.38, 0.09, 0
100.39, 0.08, 0
100.40, 0.09, 0
100.41, 0.10, 0
100.42, 0.06, 0
100.43, 0.14, 0
100.44, 0.06, 0
100.45, 0.06, 0
100.46, 0.10, 0
100.47, 0.09, 0
100.48, 0.09, 0
100.49, 0.10, 0
100.50, 0.12, 0
100.51, 0.12, 0
100.52, 0.10, 0
100.53, 0.16, 0
100.54, 0.15, 0
100.55, 0.06, 0
100.56, 0.08, 0
100.57, 0.03, 0
100.58, 0.01, 0
100.59, 0.06, 0
100.60, 0.08, 0
100.61, 0.08, 0
100.62, 0.04, 0
100.63, 0.02, 0
100.64, 0.05, 0
100.65, 0.06, 0
100.66, 0.12, 0
100.67, 0.06, 0
100.68, 0.07, 0
100.69, 0.13, 0
100.70, 0.18, 0
100.71, 0.29, 1
100.72, 0.26, 1
100.73, 0.21, 0
100.74, 0.17, 0
100.75, 0.07, 0
100.76, 0.15, 0
100.77, 0.19, 0
100.78, 0.16, 0
100.79, 0.18, 0
100.80, 0.07, 0
100.81, 0.12, 0
100.82, 0.11, 0
100.83, 0.19, 0
100.84, 0.31, 1
100.86, 0.33, 1
100.86, 0.40, 1
100.87, 0.42, 1
100.88, 0.22, 0
100.89, 0.07, 0
100.90, 0.05, 0
100.91, 0.05, 0
100.92, 0.16, 0
100.93, 0.09, 0
100.94, 0.10, 0
100.95, 0.08, 0
100.96, 0.17, 0
100.97, 0.09, 0
100.98, 0.01, 0
100.99, 0.05, 0
101.00, 0.04, 0
101.01, 0.05, 0
101.02, 0.03, 0
101.03, 0.06, 0
101.04, 0.06, 0
101.05, 0.08, 0
101.06, 0.10, 0
101.07, 0.09, 0
101.08, 0.10, 0
101.09, 0.03, 0
101.10, 0.03, 0
101.11, 0.10, 0
101.12, 0.07, 0
101.13, 0.12, 0
101.14, 0.09, 0
101.15, 0.08, 0
101.16, 0.06, 0
101.17, 0.06, 0
101.18, 0.12, 0
101.19, 0.03, 0
101.20, 0.06, 0
101.21, 0.06, 0
101.22, 0.11, 0
101.23, 0.10, 0
101.24, 0.05, 0
101.25, 0.07, 0
101.26, 0.13, 0
101.27, 0.09, 0
101.28, 0.17, 0
101.29, 0.11, 0
101.30, 0.15, 0
101.31, 0.19, 0
101.32, 0.24, 0
101.33, 0.26, 1
101.34, 0.25, 0
101.35, 0.11, 0
101.36, 0.19, 0
101.37, 0.19, 0
101.38, 0.18, 0
101.39, 0.19, 0
101.40, 0.31, 1
101.41, 0.24, 0
101.42, 0.23, 0
101.43, 0.22, 0
101.44, 0.25, 1
101.45, 0.21, 0
101.46, 0.15, 0
101.47, 0.29, 1
101.48, 0.13, 0
101.49, 0.12, 0
101.50, 0.12, 0
101.51, 0.09, 0
101.52, 0.09, 0
101.53, 0.16, 0
101.54, 0.13, 0
101.55, 0.23, 0
101.56, 0.09, 0
101.57, 0.11, 0
101.58, 0.18, 0
101.59, 0.12, 0
101.60, 0.13, 0
101.61, 0.31, 1
101.62, 0.19, 0
101.63, 0.35, 1
101.64, 0.30, 1
101.65, 0.08, 0
101.66, 0.10, 0
101.67, 0.19, 0
101.68, 0.12, 0
101.69, 0.10, 0
101.70, 0.01, 0
101.71, 0.15, 0
101.72, 0.20, 0
101.73, 0.14, 0
101.74, 0.09, 0
101.75, 0.19, 0
101.76, 0.28, 1
101.77, 0.11, 0
101.78, 0.07, 0
101.79, 0.08, 0
101.80, 0.09, 0
101.81, 0.05, 0
101.82, 0.09, 0
101.83, 0.16, 0
101.84, 0.10, 0
101.85, 0.09, 0
101.86, 0.08, 0
101.87, 0.17, 0
101.88, 0.10, 0
101.89, 0.07, 0
101.90, 0.13, 0
101.91, 0.12, 0
101.92, 0.08, 0
101.93, 0.23, 0
101.94, 0.22, 0
101.95, 0.26, 1
101.96, 0.27, 1
101.97, 0.13, 0
101.98, 0.19, 0
101.99, 0.10, 0
102.00, 0.02, 0
102.01, 0.05, 0
102.02, 0.07, 0
102.03, 0.08, 0
102.04, 0.10, 0
102.05, 0.04, 0
102.06, 0.10, 0
102.07, 0.06, 0
102.08, 0.15, 0
102.09, 0.17, 0
102.10, 0.17, 0
102.11, 0.16, 0
102.12, 0.04, 0
102.13, 0.04, 0
102.14, 0.02, 0
102.15, 0.06, 0
102.16, 0.05, 0
102.17, 0.04, 0
102.18, 0.05, 0
102.19, 0.09, 0
102.20, 0.07, 0
102.21, 0.16, 0
102.22, 0.09, 0
102.23, 0.16, 0
102.24, 0.04, 0
102.25, 0.08, 0
102.26, 0.09, 0
102.27, 0.17, 0
102.28, 0.18, 0
102.29, 0.29, 1
102.30, 0.27, 1
102.31, 0.24, 0
102.32, 0.30, 1
102.33, 0.26, 1
102.34, 0.19, 0
102.35, 0.15, 0
102.36, 0.22, 0
102.37, 0.18, 0
102.38, 0.16, 0
102.39, 0.20, 0
102.40, 0.20, 0
102.41, 0.05, 0
102.42, 0.07, 0
102.43, 0.14, 0
102.44, 0.24, 0
102.45, 0.22, 0
102.46, 0.29, 1
102.47, 0.29, 1
102.48, 0.35, 1
102.49, 0.32, 1
102.50, 0.30, 1
102.51, 0.34, 1
102.52, 0.18, 0
102.53, 0.23, 0
102.54, 0.30, 1
102.55, 0.07, 0
102.56, 0.15, 0
102.57, 0.10, 0
102.58, 0.10, 0
102.59, 0.06, 0
102.60, 0.20, 0
102.61, 0.17, 0
102.63, 0.20, 0
102.63, 0.14, 0
102.64, 0.11, 0
102.65, 0.15, 0
102.66, 0.06, 0
102.67, 0.06, 0
102.68, 0.09, 0
102.69, 0.08, 0
102.70, 0.09, 0
102.71, 0.06, 0
102.72, 0.06, 0
102.73, 0.10, 0
102.74, 0.10, 0
102.75, 0.19, 0
102.76, 0.17, 0
102.77, 0.15, 0
102.78, 0.15, 0
102.79, 0.13, 0
102.80, 0.11, 0
102.81, 0.07, 0
102.82, 0.13, 0
102.83, 0.10, 0
102.84, 0.17, 0
102.85, 0.21, 0
102.86, 0.34, 1
102.87, 0.30, 1
102.88, 0.33, 1
102.89, 0.30, 1
102.90, 0.34, 1
102.91, 0.23, 0
102.92, 0.13, 0
102.93, 0.07, 0
102.94, 0.05, 0
102.95, 0.10, 0
102.96, 0.15, 0
102.97, 0.12, 0
102.98, 0.05, 0
102.99, 0.08, 0
103.00, 0.09, 0
103.01, 0.03, 0
103.02, 0.06, 0
103.03, 0.04, 0
103.04, 0.05, 0
103.05, 0.08, 0
103.06, 0.12, 0
103.07, 0.09, 0
103.08, 0.11, 0
103.09, 0.12, 0
103.10, 0.14, 0
103.11, 0.12, 0
103.12, 0.05, 0
103.13, 0.07, 0
103.14, 0.09, 0
103.15, 0.09, 0
103.16, 0.20, 0
103.17, 0.20, 0
103.18, 0.13, 0
103.19, 0.11, 0
103.20, 0.10, 0
103.21, 0.14, 0
103.22, 0.28, 1
103.23, 0.21, 0
103.24, 0.25, 1
103.25, 0.21, 0
103.26, 0.13, 0
103.27, 0.12, 0
103.28, 0.07, 0
103.29, 0.09, 0
103.30, 0.16, 0
103.32, 0.14, 0
103.32, 0.10, 0
103.33, 0.18, 0
103.34, 0.12, 0
103.35, 0.07, 0
103.36, 0.10, 0
103.37, 0.05, 0
103.38, 0.02, 0
103.39, 0.06, 0
103.40, 0.08, 0
103.41, 0.06, 0
103.42, 0.07, 0
103.43, 0.04, 0
103.44, 0.09, 0
103.45, 0.07, 0
103.46, 0.05, 0
103.47, 0.11, 0
103.48, 0.08, 0
103.49, 0.06, 0
103.50, 0.12, 0
103.51, 0.09, 0
103.52, 0.13, 0
103.53, 0.05, 0
103.54, 0.02, 0
103.55, 0.04, 0
103.56, 0.21, 0
103.57, 0.16, 0
103.58, 0.18, 0
103.59, 0.21, 0
103.60, 0.23, 0
103.61, 0.22, 0
103.62, 0.18, 0
103.63, 0.20, 0
103.64, 0.21, 0
103.65, 0.11, 0
103.66, 0.10, 0
103.67, 0.16, 0
103.68, 0.04, 0
103.69, 0.10, 0
103.70, 0.15, 0
103.71, 0.33, 1
103.72, 0.20, 0
103.73, 0.32, 1
103.74, 0.21, 0
103.75, 0.05, 0
103.76, 0.04, 0
103.77, 0.14, 0
103.78, 0.15, 0
103.79, 0.14, 0
103.80, 0.09, 0
103.81, 0.03, 0
103.82, 0.10, 0
103.83, 0.12, 0
103.84, 0.12, 0
103.85, 0.07, 0
103.86, 0.09, 0
103.87, 0.09, 0
103.88, 0.17, 0
103.89, 0.13, 0
103.90, 0.15, 0
103.91, 0.13, 0
103.92, 0.05, 0
103.93, 0.04, 0
103.94, 0.03, 0
103.95, 0.11, 0
103.96, 0.19, 0
103.97, 0.16, 0
103.98, 0.21, 0
103.99, 0.11, 0
104.00, 0.08, 0
104.01, 0.09, 0
104.02, 0.14, 0
104.03, 0.10, 0
104.04, 0.14, 0
104.05, 0.15, 0
104.06, 0.20, 0
104.07, 0.26, 1
104.08, 0.20, 0
104.09, 0.06, 0
104.10, 0.07, 0
104.11, 0.06, 0
104.12, 0.09, 0
104.13, 0.07, 0
104.14, 0.04, 0
104.15, 0.04, 0
104.16, 0.07, 0
104.17, 0.10, 0
104.18, 0.09, 0
104.19, 0.05, 0
104.20, 0.12, 0
104.21, 0.14, 0
104.22, 0.12, 0
104.23, 0.13, 0
104.24, 0.10, 0
104.25, 0.11, 0
104.26, 0.10, 0
104.27, 0.08, 0
104.28, 0.03, 0
104.29, 0.09, 0
104.30, 0.13, 0
104.31, 0.12, 0
104.32, 0.14, 0
104.33, 0.13, 0
104.34, 0.14, 0
104.35, 0.11, 0
104.36, 0.08, 0
104.37, 0.11, 0
104.38, 0.01, 0
104.39, 0.03, 0
104.40, 0.07, 0
104.41, 0.11, 0
104.42, 0.12, 0
104.43, 0.06, 0
104.44, 0.11, 0
104.45, 0.07, 0
104.46, 0.11, 0
104.47, 0.15, 0
104.48, 0.16, 0
104.49, 0.13, 0
104.50, 0.07, 0
104.51, 0.02, 0
104.52, 0.10, 0
104.53, 0.13, 0
104.54, 0.11, 0
104.55, 0.14, 0
104.56, 0.10, 0
104.57, 0.12, 0
104.58, 0.15, 0
104.59, 0.16, 0
104.60, 0.13, 0
104.61, 0.23, 0
104.62, 0.14, 0
104.63, 0.25, 1
104.64, 0.26, 1
104.65, 0.22, 0
104.66, 0.16, 0
104.67, 0.10, 0
104.68, 0.07, 0
104.69, 0.13, 0
104.70, 0.07, 0
104.71, 0.05, 0
104.73, 0.07, 0
104.73, 0.09, 0
104.74, 0.10, 0
104.75, 0.04, 0
104.76, 0.08, 0
104.77, 0.06, 0
104.78, 0.12, 0
104.79, 0.01, 0
104.80, 0.11, 0
104.81, 0.07, 0
104.82, 0.18, 0
104.83, 0.15, 0
104.84, 0.10, 0
104.85, 0.17, 0
104.86, 0.15, 0
104.87, 0.20, 0
104.88, 0.19, 0
104.89, 0.09, 0
104.90, 0.06, 0
104.91, 0.04, 0
104.92, 0.06, 0
104.93, 0.35, 1
104.94, 0.31, 1
104.95, 0.15, 0
104.96, 0.33, 1
104.97, 0.16, 0
104.98, 0.11, 0
104.99, 0.17, 0
105.00, 0.16, 0
105.01, 0.08, 0
105.02, 0.07, 0
105.03, 0.14, 0
105.04, 0.05, 0
105.05, 0.16, 0
105.06, 0.18, 0
105.07, 0.22, 0
105.08, 0.23, 0
105.09, 0.26, 1
105.10, 0.27, 1
105.11, 0.22, 0
105.12, 0.24, 0
105.13, 0.20, 0
105.14, 0.06, 0
105.15, 0.06, 0
105.16, 0.01, 0
105.17, 0.04, 0
105.18, 0.01, 0
105.19, 0.07, 0
105.20, 0.12, 0
105.21, 0.12, 0
105.22, 0.18, 0
105.23, 0.18, 0
105.24, 0.14, 0
105.25, 0.06, 0
105.26, 0.04, 0
105.27, 0.05, 0
105.28, 0.16, 0
105.29, 0.06, 0
105.30, 0.13, 0
105.31, 0.21, 0
105.32, 0.15, 0
105.33, 0.17, 0
105.34, 0.26, 1
105.35, 0.18, 0
105.36, 0.19, 0
105.37, 0.16, 0
105.38, 0.10, 0
105.39, 0.18, 0
105.40, 0.16, 0
105.41, 0.17, 0
105.42, 0.16, 0
105.43, 0.12, 0
105.44, 0.01, 0
105.45, 0.09, 0
105.46, 0.09, 0
105.47, 0.12, 0
105.48, 0.11, 0
105.49, 0.09, 0
105.50, 0.08, 0
105.51, 0.09, 0
105.52, 0.04, 0
105.53, 0.05, 0
105.54, 0.05, 0
105.55, 0.04, 0
105.56, 0.06, 0
105.57, 0.03, 0
105.58, 0.12, 0
105.59, 0.08, 0
105.60, 0.02, 0
105.61, 0.06, 0
105.62, 0.16, 0
105.63, 0.25, 0
105.64, 0.20, 0
105.65, 0.18, 0
105.66, 0.17, 0
105.67, 0.13, 0
105.68, 0.12, 0
105.69, 0.13, 0
105.70, 0.14, 0
105.71, 0.11, 0
105.72, 0.13, 0
105.73, 0.14, 0
105.74, 0.15, 0
105.75, 0.12, 0
105.76, 0.07, 0
105.77, 0.10, 0
105.78, 0.10, 0
105.79, 0.12, 0
105.80, 0.13, 0
105.81, 0.14, 0
105.82, 0.13, 0
105.83, 0.05, 0
105.84, 0.01, 0
105.85, 0.04, 0
105.86, 0.04, 0
105.87, 0.06, 0
105.88, 0.07, 0
105.89, 0.11, 0
105.90, 0.16, 0
105.91, 0.15, 0
105.92, 0.15, 0
105.93, 0.13, 0
105.94, 0.07, 0
105.95, 0.11, 0
105.96, 0.08, 0
105.97, 0.07, 0
105.98, 0.06, 0
105.99, 0.02, 0
106.00, 0.07, 0
106.01, 0.06, 0
106.02, 0.13, 0
106.03, 0.12, 0
106.04, 0.04, 0
106.05, 0.09, 0
106.06, 0.08, 0
106.07, 0.06, 0
106.08, 0.13, 0
106.09, 0.15, 0
106.10, 0.14, 0
106.11, 0.14, 0
106.12, 0.19, 0
106.14, 0.11, 0
106.14, 0.06, 0
106.15, 0.06, 0
106.16, 0.08, 0
106.17, 0.05, 0
106.18, 0.11, 0
106.19, 0.12, 0
106.20, 0.12, 0
106.21, 0.18, 0
106.22, 0.22, 0
106.23, 0.24, 0
106.24, 0.28, 1
106.25, 0.11, 0
106.26, 0.17, 0
106.27, 0.06, 0
106.28, 0.09, 0
106.29, 0.21, 0
106.30, 0.27, 1
106.31, 0.24, 0
106.32, 0.16, 0
106.33, 0.20, 0
106.34, 0.19, 0
106.35, 0.12, 0
106.36, 0.06, 0
106.37, 0.13, 0
106.38, 0.09, 0
106.39, 0.08, 0
106.40, 0.20, 0
106.41, 0.27, 1
106.42, 0.15, 0
106.43, 0.27, 1
106.44, 0.22, 0
106.45, 0.19, 0
106.46, 0.05, 0
106.47, 0.04, 0
106.48, 0.10, 0
106.50, 0.11, 0
106.50, 0.10, 0
106.51, 0.11, 0
106.52, 0.02, 0
106.53, 0.08, 0
106.54, 0.16, 0
106.55, 0.20, 0
106.56, 0.15, 0
106.57, 0.21, 0
106.58, 0.14, 0
106.59, 0.04, 0
106.60, 0.16, 0
106.61, 0.08, 0
106.62, 0.08, 0
106.63, 0.22, 0
106.64, 0.14, 0
106.65, 0.06, 0
106.66, 0.06, 0
106.67, 0.03, 0
106.68, 0.08, 0
106.69, 0.10, 0
106.70, 0.11, 0
106.71, 0.08, 0
106.72, 0.05, 0
106.73, 0.10, 0
106.74, 0.15, 0
106.75, 0.17, 0
106.76, 0.19, 0
106.77, 0.09, 0
106.78, 0.09, 0
106.79, 0.11, 0
106.80, 0.10, 0
106.81, 0.12, 0
106.82, 0.08, 0
106.83, 0.12, 0
106.84, 0.02, 0
106.85, 0.04, 0
106.86, 0.08, 0
106.87, 0.01, 0
106.88, 0.04, 0
106.89, 0.09, 0
106.90, 0.11, 0
106.91, 0.10, 0
106.92, 0.12, 0
106.93, 0.07, 0
106.94, 0.07, 0
106.95, 0.13, 0
106.96, 0.13, 0
106.97, 0.09, 0
106.98, 0.17, 0
106.99, 0.11, 0
107.00, 0.09, 0
107.01, 0.18, 0
107.02, 0.07, 0
107.03, 0.13, 0
107.04, 0.17, 0
107.05, 0.18, 0
107.06, 0.17, 0
107.07, 0.15, 0
107.08, 0.13, 0
107.09, 0.07, 0
107.10, 0.08, 0
107.11, 0.16, 0
107.12, 0.04, 0
107.13, 0.07, 0
107.14, 0.13, 0
107.15, 0.03, 0
107.16, 0.06, 0
107.17, 0.06, 0
107.19, 0.08, 0
107.19, 0.03, 0
107.20, 0.09, 0
107.21, 0.16, 0
107.22, 0.19, 0
107.23, 0.23, 0
107.24, 0.20, 0
107.25, 0.16, 0
107.26, 0.09, 0
107.27, 0.03, 0
107.28, 0.09, 0
107.29, 0.07, 0
107.30, 0.11, 0
107.31, 0.04, 0
107.32, 0.07, 0
107.33, 0.05, 0
107.34, 0.12, 0
107.35, 0.19, 0
107.36, 0.25, 0
107.37, 0.27, 1
107.38, 0.25, 1
107.39, 0.20, 0
107.40, 0.19, 0
107.41, 0.22, 0
107.42, 0.12, 0
107.43, 0.18, 0
107.44, 0.13, 0
107.45, 0.10, 0
107.46, 0.05, 0
107.47, 0.06, 0
107.48, 0.04, 0
107.49, 0.03, 0
107.50, 0.03, 0
107.51, 0.02, 0
107.52, 0.01, 0
107.53, 0.05, 0
107.54, 0.04, 0
107.55, 0.07, 0
107.56, 0.07, 0
107.57, 0.05, 0
107.58, 0.02, 0
107.59, 0.03, 0
107.60, 0.03, 0
107.61, 0.01, 0
107.62, 0.01, 0
107.63, 0.01, 0
107.64, 0.02, 0
107.65, 0.03, 0
107.66, 0.04, 0
107.67, 0.05, 0
107.68, 0.05, 0
107.69, 0.05, 0
107.70, 0.04, 0
107.71, 0.05, 0
107.72, 0.04, 0
107.73, 0.02, 0
107.74, 0.01, 0
107.75, 0.01, 0
107.76, 0.01, 0
107.77, 0.02, 0
107.78, 0.01, 0
107.79, 0.01, 0
107.80, 0.01, 0
107.81, 0.00, 0
107.82, 0.01, 0
107.83, 0.01, 0
107.84, 0.00, 0
107.85, 0.00, 0
107.86, 0.01, 0
107.87, 0.01, 0
107.88, 0.01, 0
107.89, 0.01, 0
107.91, 0.01, 0
107.91, 0.01, 0
107.92, 0.01, 0
107.93, 0.01, 0
107.94, 0.01, 0
107.95, 0.01, 0
107.96, 0.01, 0
107.97, 0.01, 0
107.98, 0.01, 0
107.99, 0.01, 0
108.00, 0.01, 0
108.01, 0.01, 0
108.02, 0.01, 0
108.03, 0.01, 0
108.04, 0.01, 0
108.05, 0.01, 0
108.06, 0.01, 0
108.07, 0.01, 0
108.08, 0.01, 0
108.09, 0.01, 0
108.10, 0.01, 0
108.11, 0.01, 0
108.12, 0.01, 0
108.13, 0.01, 0
108.14, 0.01, 0
108.15, 0.01, 0
108.16, 0.01, 0
108.17, 0.01, 0
108.18, 0.00, 0
108.19, 0.00, 0
108.20, 0.00, 0
108.21, 0.00, 0
108.22, 0.00, 0
108.23, 0.00, 0
108.24, 0.00, 0
108.25, 0.00, 0
108.26, 0.00, 0
108.27, 0.00, 0
108.28, 0.00, 0
108.29, 0.00, 0
108.30, 0.00, 0
108.31, 0.00, 0
108.32, 0.00, 0
108.33, 0.00, 0
108.34, 0.00, 0
108.35, 0.00, 0
108.36, 0.00, 0
108.37, 0.00, 0
108.38, 0.00, 0
108.39, 0.00, 0
108.40, 0.00, 0
108.41, 0.00, 0
108.42, 0.00, 0
108.43, 0.00, 0
108.44, 0.00, 0
108.45, 0.00, 0
108.46, 0.00, 0
108.47, 0.00, 0
108.48, 0.00, 0
108.49, 0.00, 0
108.50, 0.00, 0
108.51, 0.00, 0
108.52, 0.00, 0
108.53, 0.00, 0
108.54, 0.00, 0
108.55, 0.00, 0
108.56, 0.00, 0
108.57, 0.01, 0
108.58, 0.01, 0
108.60, 0.02, 0
108.60, 0.24, 0
108.61, 0.31, 1
108.62, 0.43, 1
108.63, 0.45, 1
108.64, 0.40, 1
108.65, 0.39, 1
108.66, 0.34, 1
108.67, 0.31, 1
108.68, 0.21, 0
108.69, 0.19, 0
108.70, 0.17, 0
108.71, 0.13, 0
108.72, 0.13, 0
108.73, 0.08, 0
108.74, 0.11, 0
108.75, 0.02, 0
108.76, 0.10, 0
108.77, 0.19, 0
108.78, 0.15, 0
108.79, 0.21, 0
108.80, 0.11, 0
108.81, 0.09, 0
108.82, 0.06, 0
108.83, 0.06, 0
108.84, 0.15, 0
108.85, 0.17, 0
108.86, 0.24, 0
108.87, 0.35, 1
108.88, 0.36, 1
108.89, 0.32, 1
108.90, 0.23, 0
108.91, 0.19, 0
108.92, 0.11, 0
108.93, 0.09, 0
108.94, 0.10, 0
108.95, 0.10, 0
108.96, 0.15, 0
108.97, 0.16, 0
108.98, 0.22, 0
108.99, 0.19, 0
109.00, 0.20, 0
109.01, 0.18, 0
109.02, 0.18, 0
109.03, 0.22, 0
109.04, 0.27, 1
109.05, 0.24, 0
109.06, 0.23, 0
109.07, 0.26, 1
109.08, 0.32, 1
109.09, 0.30, 1
109.10, 0.29, 1
109.11, 0.28, 1
109.12, 0.25, 1
109.13, 0.24, 0
109.14, 0.19, 0
109.15, 0.17, 0
109.16, 0.15, 0
109.17, 0.13, 0
109.18, 0.11, 0
109.19, 0.14, 0
109.20, 0.14, 0
109.21, 0.15, 0
109.22, 0.16, 0
109.23, 0.11, 0
109.24, 0.12, 0
109.25, 0.10, 0
109.26, 0.14, 0
109.27, 0.11, 0
109.28, 0.10, 0
109.29, 0.07, 0
109.30, 0.10, 0
109.31, 0.18, 0
109.32, 0.24, 0
109.33, 0.31, 1
109.34, 0.37, 1
109.35, 0.35, 1
109.36, 0.31, 1
109.37, 0.21, 0
109.38, 0.14, 0
109.39, 0.08, 0
109.40, 0.06, 0
109.41, 0.12, 0
109.42, 0.12, 0
109.43, 0.11, 0
109.44, 0.07, 0
109.45, 0.05, 0
109.46, 0.07, 0
109.47, 0.08, 0
109.48, 0.06, 0
109.49, 0.07, 0
109.50, 0.06, 0
109.51, 0.08, 0
109.52, 0.11, 0
109.53, 0.12, 0
109.54, 0.11, 0
109.55, 0.09, 0
109.56, 0.06, 0
109.57, 0.02, 0
109.58, 0.02, 0
109.59, 0.11, 0
109.60, 0.23, 0
109.61, 0.20, 0
109.62, 0.17, 0
109.63, 0.12, 0
109.64, 0.03, 0
109.65, 0.12, 0
109.66, 0.22, 0
109.67, 0.23, 0
109.68, 0.20, 0
109.69, 0.22, 0
109.70, 0.19, 0
109.71, 0.10, 0
109.72, 0.06, 0
109.73, 0.14, 0
109.74, 0.13, 0
109.75, 0.23, 0
109.76, 0.32, 1
109.77, 0.39, 1
109.78, 0.49, 1
109.79, 0.53, 1
109.80, 0.57, 1
109.81, 0.58, 1
109.82, 0.54, 1
109.83, 0.48, 1
109.84, 0.46, 1
109.85, 0.38, 1
109.86, 0.31, 1
109.87, 0.22, 0
109.88, 0.15, 0
109.89, 0.08, 0
109.90, 0.04, 0
109.91, 0.08, 0
109.92, 0.14, 0
109.93, 0.15, 0
109.94, 0.16, 0
109.95, 0.18, 0
109.96, 0.17, 0
109.97, 0.11, 0
109.98, 0.10, 0
109.99, 0.15, 0
