120.01, 0.15, 0
120.02, 0.23, 0
120.03, 0.27, 1
120.04, 0.27, 1
120.05, 0.28, 1
120.06, 0.28, 1
120.07, 0.21, 0
120.08, 0.13, 0
120.09, 0.09, 0
120.10, 0.10, 0
120.11, 0.08, 0
120.12, 0.11, 0
120.13, 0.18, 0
120.14, 0.18, 0
120.15, 0.14, 0
120.16, 0.13, 0
120.17, 0.17, 0
120.18, 0.18, 0
120.19, 0.25, 0
120.20, 0.33, 1
120.21, 0.36, 1
120.22, 0.36, 1
120.23, 0.38, 1
120.24, 0.40, 1
120.25, 0.37, 1
120.26, 0.32, 1
120.27, 0.27, 1
120.28, 0.21, 0
120.29, 0.18, 0
120.30, 0.15, 0
120.31, 0.12, 0
120.32, 0.07, 0
120.33, 0.04, 0
120.34, 0.21, 0
120.35, 0.31, 1
120.36, 0.28, 1
120.37, 0.25, 0
120.38, 0.24, 0
120.39, 0.19, 0
120.40, 0.23, 0
120.41, 0.26, 1
120.42, 0.27, 1
120.43, 0.28, 1
120.44, 0.27, 1
120.45, 0.23, 0
120.46, 0.17, 0
120.47, 0.11, 0
120.48, 0.13, 0
120.49, 0.11, 0
120.50, 0.15, 0
120.51, 0.16, 0
120.52, 0.21, 0
120.53, 0.28, 1
120.54, 0.33, 1
120.55, 0.40, 1
120.56, 0.42, 1
120.57, 0.40, 1
120.58, 0.36, 1
120.59, 0.23, 0
120.60, 0.12, 0
120.61, 0.10, 0
120.62, 0.10, 0
120.63, 0.10, 0
120.64, 0.01, 0
120.65, 0.05, 0
120.66, 0.12, 0
120.67, 0.18, 0
120.68, 0.24, 0
120.69, 0.31, 1
120.70, 0.38, 1
120.71, 0.44, 1
120.72, 0.48, 1
120.73, 0.46, 1
120.74, 0.39, 1
120.75, 0.28, 1
120.76, 0.17, 0
120.77, 0.10, 0
120.78, 0.13, 0
120.79, 0.15, 0
120.80, 0.18, 0
120.81, 0.18, 0
120.82, 0.16, 0
120.83, 0.10, 0
120.84, 0.11, 0
120.85, 0.19, 0
120.86, 0.26, 1
120.87, 0.30, 1
120.88, 0.34, 1
120.89, 0.31, 1
120.90, 0.21, 0
120.91, 0.12, 0
120.93, 0.09, 0
120.93, 0.11, 0
120.94, 0.15, 0
120.95, 0.13, 0
120.96, 0.13, 0
120.97, 0.14, 0
120.98, 0.16, 0
120.99, 0.23, 0
121.00, 0.32, 1
121.01, 0.39, 1
121.02, 0.46, 1
121.03, 0.47, 1
121.04, 0.46, 1
121.05, 0.42, 1
121.06, 0.37, 1
121.07, 0.29, 1
121.08, 0.21, 0
121.09, 0.14, 0
121.10, 0.15, 0
121.11, 0.14, 0
121.12, 0.19, 0
121.13, 0.21, 0
121.14, 0.24, 0
121.15, 0.26, 1
121.16, 0.26, 1
121.17, 0.23, 0
121.18, 0.20, 0
121.19, 0.14, 0
121.20, 0.09, 0
121.21, 0.05, 0
121.22, 0.09, 0
121.23, 0.14, 0
121.24, 0.18, 0
121.25, 0.15, 0
121.26, 0.06, 0
121.27, 0.07, 0
121.28, 0.12, 0
121.29, 0.20, 0
121.30, 0.32, 1
121.31, 0.46, 1
121.32, 0.57, 1
121.33, 0.62, 1
121.34, 0.66, 1
121.35, 0.61, 1
121.36, 0.50, 1
121.37, 0.38, 1
121.38, 0.23, 0
121.39, 0.14, 0
121.40, 0.12, 0
121.41, 0.16, 0
121.42, 0.17, 0
121.43, 0.15, 0
121.44, 0.12, 0
121.45, 0.04, 0
121.46, 0.06, 0
121.47, 0.13, 0
121.48, 0.19, 0
121.49, 0.18, 0
121.50, 0.23, 0
121.51, 0.25, 0
121.52, 0.18, 0
121.53, 0.16, 0
121.54, 0.16, 0
121.55, 0.11, 0
121.56, 0.09, 0
121.57, 0.13, 0
121.58, 0.20, 0
121.59, 0.28, 1
121.60, 0.34, 1
121.61, 0.34, 1
121.62, 0.30, 1
121.63, 0.27, 1
121.64, 0.27, 1
121.65, 0.33, 1
121.66, 0.43, 1
121.67, 0.52, 1
121.68, 0.51, 1
121.69, 0.46, 1
121.70, 0.43, 1
121.71, 0.33, 1
121.72, 0.26, 1
121.73, 0.20, 0
121.74, 0.17, 0
121.75, 0.13, 0
121.76, 0.11, 0
121.77, 0.10, 0
121.78, 0.19, 0
121.79, 0.26, 1
121.80, 0.32, 1
121.81, 0.35, 1
121.82, 0.36, 1
121.83, 0.25, 1
121.84, 0.19, 0
121.85, 0.23, 0
121.86, 0.32, 1
121.87, 0.46, 1
121.88, 0.56, 1
121.89, 0.64, 1
121.90, 0.70, 1
121.91, 0.65, 1
121.92, 0.53, 1
121.93, 0.39, 1
121.94, 0.29, 1
121.95, 0.19, 0
121.96, 0.14, 0
121.97, 0.16, 0
121.98, 0.19, 0
121.99, 0.15, 0
122.00, 0.13, 0
122.01, 0.12, 0
122.02, 0.16, 0
122.03, 0.24, 0
122.04, 0.32, 1
122.05, 0.37, 1
122.06, 0.41, 1
122.07, 0.46, 1
122.08, 0.48, 1
122.09, 0.42, 1
122.10, 0.32, 1
122.11, 0.20, 0
122.12, 0.06, 0
122.13, 0.07, 0
122.14, 0.12, 0
122.15, 0.16, 0
122.16, 0.18, 0
122.17, 0.12, 0
122.18, 0.09, 0
122.19, 0.10, 0
122.20, 0.13, 0
122.21, 0.20, 0
122.22, 0.27, 1
122.23, 0.38, 1
122.24, 0.46, 1
122.25, 0.39, 1
122.26, 0.36, 1
122.27, 0.26, 1
122.28, 0.16, 0
122.29, 0.11, 0
122.30, 0.08, 0
122.31, 0.09, 0
122.32, 0.16, 0
122.34, 0.30, 1
122.34, 0.37, 1
122.35, 0.43, 1
122.36, 0.49, 1
122.37, 0.47, 1
122.38, 0.44, 1
122.39, 0.37, 1
122.40, 0.27, 1
122.41, 0.15, 0
122.42, 0.07, 0
122.43, 0.12, 0
122.44, 0.19, 0
122.45, 0.24, 0
122.46, 0.29, 1
122.47, 0.32, 1
122.48, 0.37, 1
122.49, 0.34, 1
122.50, 0.29, 1
122.51, 0.35, 1
122.52, 0.31, 1
122.53, 0.20, 0
122.54, 0.12, 0
122.55, 0.10, 0
122.56, 0.26, 1
122.57, 0.39, 1
122.58, 0.36, 1
122.59, 0.36, 1
122.60, 0.36, 1
122.61, 0.30, 1
122.62, 0.29, 1
122.63, 0.33, 1
122.64, 0.33, 1
122.65, 0.30, 1
122.66, 0.23, 0
122.67, 0.18, 0
122.68, 0.21, 0
122.69, 0.24, 0
122.70, 0.27, 1
122.71, 0.27, 1
122.72, 0.26, 1
122.73, 0.20, 0
122.74, 0.16, 0
122.75, 0.16, 0
122.76, 0.13, 0
122.77, 0.15, 0
122.78, 0.18, 0
122.79, 0.17, 0
122.80, 0.22, 0
122.81, 0.27, 1
122.82, 0.32, 1
122.83, 0.34, 1
122.84, 0.37, 1
122.85, 0.36, 1
122.86, 0.35, 1
122.87, 0.38, 1
122.88, 0.29, 1
122.89, 0.22, 0
122.90, 0.14, 0
122.91, 0.07, 0
122.92, 0.04, 0
122.93, 0.05, 0
122.94, 0.07, 0
122.95, 0.10, 0
122.96, 0.07, 0
122.97, 0.11, 0
122.98, 0.15, 0
122.99, 0.13, 0
123.00, 0.07, 0
123.01, 0.11, 0
123.03, 0.19, 0
123.03, 0.24, 0
123.04, 0.29, 1
123.05, 0.30, 1
123.06, 0.29, 1
123.07, 0.17, 0
123.08, 0.08, 0
123.09, 0.12, 0
123.10, 0.16, 0
123.11, 0.26, 1
123.12, 0.27, 1
123.13, 0.30, 1
123.14, 0.36, 1
123.15, 0.37, 1
123.16, 0.34, 1
123.17, 0.35, 1
123.18, 0.34, 1
123.19, 0.34, 1
123.20, 0.31, 1
123.21, 0.24, 0
123.22, 0.21, 0
123.23, 0.18, 0
123.24, 0.09, 0
123.25, 0.06, 0
123.26, 0.13, 0
123.27, 0.23, 0
123.28, 0.33, 1
123.29, 0.41, 1
123.30, 0.46, 1
123.31, 0.48, 1
123.32, 0.46, 1
123.33, 0.37, 1
123.34, 0.24, 0
123.35, 0.12, 0
123.36, 0.12, 0
123.37, 0.25, 1
123.38, 0.36, 1
123.39, 0.43, 1
123.40, 0.39, 1
123.41, 0.31, 1
123.42, 0.23, 0
123.43, 0.15, 0
123.44, 0.05, 0
123.45, 0.09, 0
123.46, 0.12, 0
123.47, 0.13, 0
123.48, 0.18, 0
123.49, 0.20, 0
123.50, 0.18, 0
123.51, 0.19, 0
123.52, 0.25, 1
123.53, 0.36, 1
123.54, 0.51, 1
123.55, 0.52, 1
123.56, 0.44, 1
123.57, 0.37, 1
123.58, 0.16, 0
123.59, 0.08, 0
123.60, 0.19, 0
123.61, 0.23, 0
123.62, 0.25, 1
123.63, 0.28, 1
123.64, 0.32, 1
123.65, 0.34, 1
123.66, 0.38, 1
123.67, 0.35, 1
123.68, 0.25, 0
123.69, 0.19, 0
123.70, 0.17, 0
123.71, 0.23, 0
123.72, 0.36, 1
123.73, 0.46, 1
123.74, 0.49, 1
123.75, 0.44, 1
123.76, 0.35, 1
123.77, 0.22, 0
123.78, 0.06, 0
123.79, 0.09, 0
123.80, 0.21, 0
123.81, 0.29, 1
123.82, 0.32, 1
123.83, 0.38, 1
123.84, 0.38, 1
123.85, 0.31, 1
123.86, 0.25, 0
123.87, 0.15, 0
123.88, 0.06, 0
123.89, 0.14, 0
123.90, 0.27, 1
123.91, 0.36, 1
123.92, 0.33, 1
123.93, 0.28, 1
123.94, 0.23, 0
123.95, 0.22, 0
123.96, 0.28, 1
123.97, 0.36, 1
123.98, 0.40, 1
123.99, 0.38, 1
124.00, 0.33, 1
124.01, 0.26, 1
124.02, 0.21, 0
124.03, 0.28, 1
124.04, 0.37, 1
124.05, 0.42, 1
124.06, 0.40, 1
124.07, 0.31, 1
124.08, 0.22, 0
124.09, 0.09, 0
124.10, 0.06, 0
124.11, 0.06, 0
124.12, 0.03, 0
124.13, 0.04, 0
124.14, 0.07, 0
124.15, 0.12, 0
124.16, 0.16, 0
124.17, 0.17, 0
124.18, 0.19, 0
124.19, 0.21, 0
124.20, 0.23, 0
124.21, 0.29, 1
124.22, 0.25, 0
124.23, 0.17, 0
124.24, 0.11, 0
124.25, 0.06, 0
124.26, 0.11, 0
124.27, 0.19, 0
124.28, 0.21, 0
124.29, 0.19, 0
124.30, 0.12, 0
124.31, 0.11, 0
124.32, 0.10, 0
124.33, 0.16, 0
124.34, 0.19, 0
124.35, 0.23, 0
124.36, 0.23, 0
124.37, 0.20, 0
124.38, 0.11, 0
124.39, 0.10, 0
124.40, 0.19, 0
124.41, 0.27, 1
124.42, 0.35, 1
124.43, 0.35, 1
124.44, 0.29, 1
124.45, 0.23, 0
124.46, 0.18, 0
124.47, 0.16, 0
124.48, 0.13, 0
124.49, 0.09, 0
124.50, 0.10, 0
124.51, 0.12, 0
124.52, 0.18, 0
124.53, 0.30, 1
124.54, 0.38, 1
124.55, 0.38, 1
124.56, 0.37, 1
124.57, 0.36, 1
124.58, 0.28, 1
124.59, 0.19, 0
124.60, 0.22, 0
124.61, 0.27, 1
124.62, 0.25, 1
124.63, 0.29, 1
124.64, 0.36, 1
124.65, 0.35, 1
124.66, 0.31, 1
124.67, 0.29, 1
124.68, 0.30, 1
124.69, 0.28, 1
124.70, 0.25, 0
124.71, 0.17, 0
124.72, 0.09, 0
124.73, 0.04, 0
124.74, 0.09, 0
124.75, 0.19, 0
124.76, 0.21, 0
124.77, 0.22, 0
124.78, 0.23, 0
124.80, 0.24, 0
124.80, 0.17, 0
124.81, 0.23, 0
124.82, 0.27, 1
124.83, 0.27, 1
124.84, 0.33, 1
124.85, 0.34, 1
124.86, 0.37, 1
124.87, 0.40, 1
124.88, 0.36, 1
124.89, 0.32, 1
124.90, 0.30, 1
124.91, 0.25, 0
124.92, 0.28, 1
124.93, 0.31, 1
124.94, 0.32, 1
124.95, 0.23, 0
124.96, 0.19, 0
124.97, 0.22, 0
124.98, 0.28, 1
124.99, 0.35, 1
125.00, 0.35, 1
125.01, 0.30, 1
125.02, 0.28, 1
125.03, 0.30, 1
125.04, 0.33, 1
125.05, 0.31, 1
125.06, 0.25, 1
125.07, 0.20, 0
125.08, 0.17, 0
125.09, 0.18, 0
125.10, 0.21, 0
125.11, 0.24, 0
125.12, 0.25, 1
125.13, 0.22, 0
125.14, 0.12, 0
125.15, 0.04, 0
125.16, 0.07, 0
125.17, 0.18, 0
125.18, 0.24, 0
125.19, 0.32, 1
125.20, 0.36, 1
125.21, 0.33, 1
125.22, 0.25, 0
125.23, 0.20, 0
125.24, 0.23, 0
125.25, 0.29, 1
125.26, 0.36, 1
125.27, 0.39, 1
125.28, 0.36, 1
125.29, 0.29, 1
125.30, 0.22, 0
125.31, 0.21, 0
125.32, 0.29, 1
125.33, 0.37, 1
125.34, 0.40, 1
125.35, 0.35, 1
125.36, 0.27, 1
125.37, 0.22, 0
125.38, 0.17, 0
125.39, 0.15, 0
125.40, 0.17, 0
125.41, 0.23, 0
125.42, 0.32, 1
125.43, 0.37, 1
125.44, 0.30, 1
125.45, 0.22, 0
125.46, 0.14, 0
125.47, 0.10, 0
125.48, 0.07, 0
125.49, 0.09, 0
125.50, 0.15, 0
125.51, 0.18, 0
125.52, 0.18, 0
125.53, 0.12, 0
125.54, 0.04, 0
125.55, 0.07, 0
125.56, 0.16, 0
125.57, 0.17, 0
125.58, 0.11, 0
125.59, 0.11, 0
125.60, 0.14, 0
125.61, 0.17, 0
125.62, 0.17, 0
125.63, 0.11, 0
125.64, 0.04, 0
125.65, 0.07, 0
125.66, 0.12, 0
125.67, 0.19, 0
125.68, 0.16, 0
125.69, 0.17, 0
125.70, 0.20, 0
125.71, 0.25, 0
125.72, 0.26, 1
125.73, 0.22, 0
125.74, 0.15, 0
125.75, 0.09, 0
125.76, 0.11, 0
125.77, 0.22, 0
125.78, 0.28, 1
125.79, 0.28, 1
125.80, 0.28, 1
125.81, 0.25, 1
125.82, 0.18, 0
125.83, 0.13, 0
125.84, 0.13, 0
125.85, 0.12, 0
125.86, 0.16, 0
125.87, 0.15, 0
125.88, 0.17, 0
125.89, 0.16, 0
125.90, 0.09, 0
125.91, 0.10, 0
125.92, 0.08, 0
125.93, 0.08, 0
125.94, 0.13, 0
125.95, 0.22, 0
125.96, 0.25, 1
125.97, 0.24, 0
125.98, 0.28, 1
125.99, 0.35, 1
126.00, 0.41, 1
126.01, 0.47, 1
126.02, 0.59, 1
126.03, 0.55, 1
126.04, 0.43, 1
126.05, 0.41, 1
126.06, 0.34, 1
126.07, 0.27, 1
126.08, 0.37, 1
126.09, 0.48, 1
126.10, 0.58, 1
126.11, 0.54, 1
126.12, 0.43, 1
126.13, 0.36, 1
126.14, 0.27, 1
126.15, 0.22, 0
126.16, 0.25, 1
126.17, 0.32, 1
126.18, 0.33, 1
126.19, 0.39, 1
126.21, 0.44, 1
126.21, 0.46, 1
126.22, 0.45, 1
126.23, 0.44, 1
126.24, 0.36, 1
126.25, 0.30, 1
126.26, 0.18, 0
126.27, 0.09, 0
126.28, 0.17, 0
126.29, 0.23, 0
126.30, 0.25, 1
126.31, 0.27, 1
126.32, 0.29, 1
126.33, 0.25, 0
126.34, 0.19, 0
126.35, 0.21, 0
126.36, 0.25, 0
126.37, 0.22, 0
126.38, 0.28, 1
126.39, 0.34, 1
126.40, 0.35, 1
126.41, 0.37, 1
126.42, 0.40, 1
126.43, 0.42, 1
126.44, 0.41, 1
126.45, 0.34, 1
126.46, 0.29, 1
126.47, 0.28, 1
126.48, 0.29, 1
126.49, 0.30, 1
126.50, 0.27, 1
126.51, 0.26, 1
126.52, 0.29, 1
126.53, 0.38, 1
126.54, 0.43, 1
126.56, 0.43, 1
126.56, 0.40, 1
126.57, 0.41, 1
126.58, 0.36, 1
126.59, 0.29, 1
126.60, 0.24, 0
126.61, 0.17, 0
126.62, 0.16, 0
126.63, 0.18, 0
126.64, 0.12, 0
126.65, 0.11, 0
126.66, 0.10, 0
126.67, 0.09, 0
126.68, 0.08, 0
126.69, 0.09, 0
126.70, 0.12, 0
126.71, 0.13, 0
126.72, 0.13, 0
126.73, 0.14, 0
126.74, 0.07, 0
126.75, 0.09, 0
126.76, 0.10, 0
126.77, 0.13, 0
126.78, 0.23, 0
126.79, 0.30, 1
126.80, 0.32, 1
126.81, 0.31, 1
126.82, 0.26, 1
126.83, 0.24, 0
126.84, 0.17, 0
126.85, 0.10, 0
126.86, 0.02, 0
126.87, 0.14, 0
126.88, 0.20, 0
126.89, 0.28, 1
126.90, 0.31, 1
126.91, 0.34, 1
126.92, 0.32, 1
126.93, 0.33, 1
126.94, 0.38, 1
126.95, 0.38, 1
126.96, 0.32, 1
126.97, 0.31, 1
126.98, 0.29, 1
126.99, 0.17, 0
127.00, 0.12, 0
127.01, 0.12, 0
127.02, 0.14, 0
127.03, 0.27, 1
127.04, 0.31, 1
127.05, 0.33, 1
127.06, 0.38, 1
127.07, 0.38, 1
127.08, 0.31, 1
127.09, 0.29, 1
127.10, 0.29, 1
127.11, 0.25, 0
127.12, 0.17, 0
127.13, 0.13, 0
127.14, 0.11, 0
127.15, 0.08, 0
127.16, 0.09, 0
127.17, 0.18, 0
127.18, 0.17, 0
127.19, 0.13, 0
127.20, 0.13, 0
127.21, 0.18, 0
127.22, 0.24, 0
127.23, 0.28, 1
127.24, 0.35, 1
127.25, 0.38, 1
127.26, 0.41, 1
127.27, 0.47, 1
127.28, 0.53, 1
127.29, 0.54, 1
127.30, 0.39, 1
127.31, 0.31, 1
127.32, 0.25, 1
127.33, 0.23, 0
127.34, 0.27, 1
127.35, 0.33, 1
127.36, 0.34, 1
127.37, 0.29, 1
127.38, 0.31, 1
127.39, 0.38, 1
127.40, 0.38, 1
127.41, 0.49, 1
127.42, 0.64, 1
127.43, 0.76, 1
127.44, 0.78, 1
127.45, 0.76, 1
127.46, 0.76, 1
127.47, 0.67, 1
127.48, 0.46, 1
127.49, 0.31, 1
127.50, 0.21, 0
127.51, 0.20, 0
127.52, 0.44, 1
127.53, 0.64, 1
127.54, 0.82, 1
127.55, 0.95, 1
127.56, 1.02, 1
127.57, 1.02, 1
127.58, 0.84, 1
127.59, 0.65, 1
127.60, 0.47, 1
127.62, 0.23, 0
127.62, 0.12, 0
127.63, 0.29, 1
127.64, 0.26, 1
127.65, 0.31, 1
127.66, 0.32, 1
127.67, 0.23, 0
127.68, 0.16, 0
127.69, 0.15, 0
127.70, 0.20, 0
127.71, 0.15, 0
127.72, 0.21, 0
127.73, 0.33, 1
127.74, 0.35, 1
127.75, 0.39, 1
127.76, 0.49, 1
127.77, 0.57, 1
127.78, 0.57, 1
127.79, 0.52, 1
127.80, 0.43, 1
127.81, 0.33, 1
127.82, 0.27, 1
127.83, 0.19, 0
127.84, 0.19, 0
127.85, 0.26, 1
127.86, 0.43, 1
127.87, 0.61, 1
127.88, 0.67, 1
127.89, 0.71, 1
127.90, 0.69, 1
127.91, 0.51, 1
127.92, 0.42, 1
127.93, 0.32, 1
127.94, 0.24, 0
127.95, 0.21, 0
127.96, 0.24, 0
127.97, 0.24, 0
127.98, 0.25, 0
127.99, 0.30, 1
128.00, 0.36, 1
128.01, 0.40, 1
128.02, 0.42, 1
128.03, 0.43, 1
128.04, 0.41, 1
128.05, 0.40, 1
128.06, 0.41, 1
128.07, 0.37, 1
128.08, 0.34, 1
128.09, 0.38, 1
128.10, 0.42, 1
128.11, 0.39, 1
128.12, 0.33, 1
128.13, 0.31, 1
128.14, 0.27, 1
128.15, 0.22, 0
128.16, 0.14, 0
128.17, 0.13, 0
128.18, 0.07, 0
128.19, 0.08, 0
128.20, 0.08, 0
128.21, 0.17, 0
128.22, 0.19, 0
128.23, 0.17, 0
128.24, 0.23, 0
128.25, 0.34, 1
128.26, 0.40, 1
128.27, 0.41, 1
128.28, 0.52, 1
128.29, 0.66, 1
128.30, 0.70, 1
128.31, 0.64, 1
128.33, 0.62, 1
128.33, 0.56, 1
128.34, 0.51, 1
128.35, 0.39, 1
128.36, 0.28, 1
128.37, 0.23, 0
128.38, 0.16, 0
128.39, 0.06, 0
128.40, 0.11, 0
128.41, 0.17, 0
128.42, 0.18, 0
128.43, 0.25, 1
128.44, 0.25, 1
128.45, 0.20, 0
128.46, 0.16, 0
128.47, 0.11, 0
128.48, 0.10, 0
128.49, 0.17, 0
128.50, 0.20, 0
128.51, 0.31, 1
128.52, 0.41, 1
128.53, 0.44, 1
128.54, 0.37, 1
128.55, 0.25, 1
128.56, 0.13, 0
128.57, 0.09, 0
128.58, 0.24, 0
128.59, 0.39, 1
128.60, 0.46, 1
128.61, 0.44, 1
128.62, 0.39, 1
128.63, 0.35, 1
128.64, 0.32, 1
128.65, 0.23, 0
128.66, 0.13, 0
128.67, 0.08, 0
128.68, 0.15, 0
128.69, 0.21, 0
128.70, 0.24, 0
128.71, 0.22, 0
128.72, 0.25, 0
128.73, 0.23, 0
128.74, 0.14, 0
128.75, 0.09, 0
128.76, 0.02, 0
128.77, 0.19, 0
128.78, 0.29, 1
128.79, 0.41, 1
128.80, 0.47, 1
128.81, 0.46, 1
128.82, 0.49, 1
128.83, 0.50, 1
128.84, 0.53, 1
128.85, 0.49, 1
128.86, 0.42, 1
128.87, 0.30, 1
128.88, 0.15, 0
128.89, 0.19, 0
128.90, 0.30, 1
128.91, 0.37, 1
128.92, 0.41, 1
128.93, 0.40, 1
128.94, 0.34, 1
128.95, 0.31, 1
128.96, 0.27, 1
128.97, 0.26, 1
128.98, 0.28, 1
128.99, 0.33, 1
129.00, 0.31, 1
129.01, 0.26, 1
129.02, 0.21, 0
129.03, 0.15, 0
129.04, 0.18, 0
129.05, 0.29, 1
129.06, 0.31, 1
129.07, 0.36, 1
129.08, 0.33, 1
129.09, 0.20, 0
129.10, 0.09, 0
129.11, 0.08, 0
129.12, 0.19, 0
129.13, 0.30, 1
129.14, 0.33, 1
129.15, 0.33, 1
129.16, 0.28, 1
129.17, 0.29, 1
129.18, 0.32, 1
129.19, 0.34, 1
129.20, 0.30, 1
129.21, 0.26, 1
129.22, 0.20, 0
129.23, 0.17, 0
129.24, 0.18, 0
129.25, 0.29, 1
129.26, 0.30, 1
129.27, 0.18, 0
129.28, 0.13, 0
129.29, 0.09, 0
129.30, 0.14, 0
129.31, 0.23, 0
129.32, 0.28, 1
129.33, 0.30, 1
129.34, 0.34, 1
129.35, 0.30, 1
129.36, 0.28, 1
129.37, 0.22, 0
129.38, 0.15, 0
129.39, 0.11, 0
129.40, 0.13, 0
129.41, 0.18, 0
129.42, 0.18, 0
129.43, 0.22, 0
129.44, 0.26, 1
129.45, 0.25, 0
129.46, 0.20, 0
129.47, 0.19, 0
129.48, 0.17, 0
129.49, 0.11, 0
129.50, 0.13, 0
129.51, 0.27, 1
129.52, 0.34, 1
129.53, 0.38, 1
129.54, 0.45, 1
129.55, 0.39, 1
129.56, 0.22, 0
129.57, 0.18, 0
129.58, 0.25, 0
129.59, 0.36, 1
129.60, 0.41, 1
129.61, 0.35, 1
129.62, 0.28, 1
129.63, 0.23, 0
129.64, 0.19, 0
129.65, 0.22, 0
129.66, 0.25, 1
129.67, 0.29, 1
129.68, 0.29, 1
129.69, 0.25, 1
129.70, 0.24, 0
129.71, 0.20, 0
129.72, 0.15, 0
129.73, 0.14, 0
129.74, 0.13, 0
129.75, 0.17, 0
129.76, 0.22, 0
129.77, 0.25, 0
129.78, 0.27, 1
129.79, 0.33, 1
129.80, 0.37, 1
129.81, 0.33, 1
129.82, 0.32, 1
129.83, 0.31, 1
129.84, 0.23, 0
129.85, 0.16, 0
129.86, 0.16, 0
129.87, 0.15, 0
129.88, 0.10, 0
129.89, 0.15, 0
129.90, 0.16, 0
129.91, 0.13, 0
129.92, 0.13, 0
129.93, 0.16, 0
129.94, 0.17, 0
129.95, 0.18, 0
129.96, 0.16, 0
129.97, 0.17, 0
129.98, 0.22, 0
129.99, 0.29, 1
130.00, 0.32, 1
130.01, 0.32, 1
130.02, 0.23, 0
130.03, 0.17, 0
130.04, 0.16, 0
130.05, 0.20, 0
130.06, 0.27, 1
130.08, 0.30, 1
130.08, 0.30, 1
130.09, 0.29, 1
130.10, 0.25, 1
130.11, 0.12, 0
130.12, 0.14, 0
130.13, 0.15, 0
130.14, 0.17, 0
130.15, 0.26, 1
130.16, 0.30, 1
130.17, 0.28, 1
130.18, 0.27, 1
130.19, 0.27, 1
130.20, 0.17, 0
130.21, 0.09, 0
130.22, 0.08, 0
130.23, 0.16, 0
130.24, 0.23, 0
130.25, 0.28, 1
130.26, 0.32, 1
130.27, 0.35, 1
130.28, 0.34, 1
130.29, 0.30, 1
130.30, 0.24, 0
130.31, 0.19, 0
130.32, 0.19, 0
130.33, 0.25, 0
130.34, 0.26, 1
130.35, 0.25, 0
130.36, 0.26, 1
130.37, 0.30, 1
130.38, 0.27, 1
130.39, 0.23, 0
130.40, 0.23, 0
130.41, 0.28, 1
130.42, 0.31, 1
130.43, 0.31, 1
130.44, 0.21, 0
130.45, 0.14, 0
130.46, 0.09, 0
130.47, 0.19, 0
130.48, 0.21, 0
130.49, 0.20, 0
130.50, 0.23, 0
130.51, 0.22, 0
130.52, 0.16, 0
130.53, 0.08, 0
130.54, 0.08, 0
130.55, 0.08, 0
130.56, 0.11, 0
130.57, 0.09, 0
130.58, 0.07, 0
130.59, 0.06, 0
130.60, 0.13, 0
130.61, 0.22, 0
130.62, 0.31, 1
130.63, 0.40, 1
130.64, 0.44, 1
130.65, 0.38, 1
130.66, 0.30, 1
130.67, 0.26, 1
130.68, 0.20, 0
130.69, 0.16, 0
130.70, 0.17, 0
130.71, 0.27, 1
130.72, 0.32, 1
130.73, 0.33, 1
130.74, 0.34, 1
130.75, 0.41, 1
130.76, 0.40, 1
130.77, 0.33, 1
130.78, 0.31, 1
130.79, 0.30, 1
130.80, 0.24, 0
130.81, 0.20, 0
130.82, 0.30, 1
130.83, 0.44, 1
130.84, 0.59, 1
130.85, 0.63, 1
130.86, 0.65, 1
130.87, 0.66, 1
130.88, 0.60, 1
130.89, 0.46, 1
130.90, 0.31, 1
130.91, 0.21, 0
130.92, 0.15, 0
130.93, 0.14, 0
130.94, 0.22, 0
130.95, 0.25, 0
130.96, 0.18, 0
130.97, 0.16, 0
130.98, 0.06, 0
130.99, 0.13, 0
131.00, 0.26, 1
131.01, 0.44, 1
131.02, 0.54, 1
131.03, 0.54, 1
131.04, 0.48, 1
131.05, 0.42, 1
131.06, 0.38, 1
131.07, 0.31, 1
131.08, 0.23, 0
131.09, 0.11, 0
131.10, 0.06, 0
131.11, 0.09, 0
131.12, 0.18, 0
131.13, 0.34, 1
131.14, 0.45, 1
131.15, 0.55, 1
131.16, 0.65, 1
131.17, 0.78, 1
131.18, 0.89, 1
131.19, 0.83, 1
131.20, 0.71, 1
131.21, 0.58, 1
131.22, 0.48, 1
131.23, 0.35, 1
131.24, 0.28, 1
131.25, 0.23, 0
131.26, 0.24, 0
131.27, 0.21, 0
131.28, 0.20, 0
131.29, 0.18, 0
131.30, 0.18, 0
131.31, 0.22, 0
131.32, 0.32, 1
131.33, 0.40, 1
131.34, 0.49, 1
131.35, 0.47, 1
131.36, 0.46, 1
131.37, 0.42, 1
131.38, 0.31, 1
131.39, 0.17, 0
131.40, 0.08, 0
131.41, 0.02, 0
131.42, 0.15, 0
131.43, 0.24, 0
131.44, 0.24, 0
131.45, 0.23, 0
131.46, 0.27, 1
131.47, 0.28, 1
131.49, 0.23, 0
131.49, 0.09, 0
131.50, 0.11, 0
131.51, 0.11, 0
131.52, 0.22, 0
131.53, 0.26, 1
131.54, 0.22, 0
131.55, 0.09, 0
131.56, 0.08, 0
131.57, 0.15, 0
131.58, 0.28, 1
131.59, 0.38, 1
131.60, 0.42, 1
131.61, 0.36, 1
131.62, 0.25, 1
131.63, 0.17, 0
131.64, 0.13, 0
131.65, 0.13, 0
131.66, 0.19, 0
131.67, 0.30, 1
131.68, 0.34, 1
131.69, 0.29, 1
131.70, 0.28, 1
131.71, 0.28, 1
131.72, 0.27, 1
131.73, 0.22, 0
131.74, 0.15, 0
131.75, 0.12, 0
131.76, 0.10, 0
131.77, 0.08, 0
131.78, 0.06, 0
131.79, 0.10, 0
131.80, 0.18, 0
131.81, 0.24, 0
131.82, 0.31, 1
131.83, 0.37, 1
131.84, 0.34, 1
131.85, 0.27, 1
131.86, 0.27, 1
131.87, 0.37, 1
131.88, 0.41, 1
131.89, 0.37, 1
131.90, 0.34, 1
131.91, 0.26, 1
131.92, 0.19, 0
131.93, 0.21, 0
131.94, 0.26, 1
131.95, 0.24, 0
131.96, 0.23, 0
131.97, 0.24, 0
131.98, 0.29, 1
131.99, 0.36, 1
132.00, 0.43, 1
132.01, 0.44, 1
132.02, 0.39, 1
132.03, 0.36, 1
132.04, 0.35, 1
132.05, 0.36, 1
132.06, 0.30, 1
132.07, 0.25, 0
132.08, 0.30, 1
132.09, 0.30, 1
132.10, 0.30, 1
132.11, 0.39, 1
132.12, 0.49, 1
132.13, 0.52, 1
132.14, 0.57, 1
132.15, 0.58, 1
132.16, 0.63, 1
132.17, 0.55, 1
132.18, 0.41, 1
132.20, 0.32, 1
132.20, 0.21, 0
132.21, 0.13, 0
132.22, 0.19, 0
132.23, 0.25, 0
132.24, 0.29, 1
132.25, 0.32, 1
132.26, 0.32, 1
132.27, 0.29, 1
132.28, 0.24, 0
132.29, 0.19, 0
132.30, 0.13, 0
132.31, 0.13, 0
132.32, 0.20, 0
132.33, 0.27, 1
132.34, 0.32, 1
132.35, 0.36, 1
132.36, 0.35, 1
132.37, 0.29, 1
132.38, 0.26, 1
132.39, 0.23, 0
132.40, 0.21, 0
132.41, 0.24, 0
132.42, 0.26, 1
132.43, 0.31, 1
132.44, 0.31, 1
132.45, 0.29, 1
132.46, 0.31, 1
132.47, 0.30, 1
132.48, 0.20, 0
132.49, 0.17, 0
132.50, 0.17, 0
132.51, 0.30, 1
132.52, 0.44, 1
132.53, 0.45, 1
132.54, 0.47, 1
132.55, 0.47, 1
132.56, 0.45, 1
132.57, 0.43, 1
132.58, 0.37, 1
132.59, 0.36, 1
132.60, 0.33, 1
132.61, 0.28, 1
132.62, 0.23, 0
132.63, 0.29, 1
132.64, 0.37, 1
132.65, 0.38, 1
132.66, 0.41, 1
132.67, 0.41, 1
132.68, 0.32, 1
132.69, 0.13, 0
132.70, 0.07, 0
132.71, 0.04, 0
132.72, 0.09, 0
132.73, 0.25, 1
132.74, 0.35, 1
132.75, 0.31, 1
132.76, 0.28, 1
132.77, 0.27, 1
132.78, 0.16, 0
132.79, 0.04, 0
132.80, 0.17, 0
132.81, 0.24, 0
132.82, 0.29, 1
132.83, 0.28, 1
132.84, 0.27, 1
132.85, 0.31, 1
132.86, 0.38, 1
132.87, 0.32, 1
132.88, 0.36, 1
132.90, 0.28, 1
132.90, 0.28, 1
132.91, 0.41, 1
132.92, 0.33, 1
132.93, 0.35, 1
132.94, 0.43, 1
132.95, 0.37, 1
132.96, 0.28, 1
132.97, 0.24, 0
132.98, 0.26, 1
132.99, 0.27, 1
133.00, 0.23, 0
133.01, 0.26, 1
133.02, 0.31, 1
133.03, 0.32, 1
133.04, 0.32, 1
133.05, 0.46, 1
133.06, 0.47, 1
133.07, 0.48, 1
133.08, 0.49, 1
133.09, 0.61, 1
133.10, 0.65, 1
133.11, 0.54, 1
133.12, 0.42, 1
133.13, 0.35, 1
133.14, 0.30, 1
133.15, 0.26, 1
133.16, 0.23, 0
133.17, 0.31, 1
133.18, 0.48, 1
133.19, 0.63, 1
133.20, 0.83, 1
133.21, 0.97, 1
133.22, 1.01, 1
133.23, 0.97, 1
133.24, 0.79, 1
133.25, 0.55, 1
133.26, 0.32, 1
133.27, 0.33, 1
133.28, 0.53, 1
133.29, 0.57, 1
133.30, 0.53, 1
133.31, 0.54, 1
133.32, 0.49, 1
133.33, 0.38, 1
133.34, 0.28, 1
133.35, 0.41, 1
133.36, 0.56, 1
133.37, 0.62, 1
133.38, 0.62, 1
133.39, 0.61, 1
133.40, 0.67, 1
133.41, 0.62, 1
133.42, 0.58, 1
133.43, 0.53, 1
133.44, 0.48, 1
133.45, 0.33, 1
133.46, 0.17, 0
133.47, 0.07, 0
133.48, 0.20, 0
133.49, 0.33, 1
133.50, 0.41, 1
133.51, 0.50, 1
133.52, 0.58, 1
133.53, 0.61, 1
133.54, 0.68, 1
133.55, 0.74, 1
133.56, 0.72, 1
133.57, 0.60, 1
133.58, 0.57, 1
133.59, 0.54, 1
133.61, 0.39, 1
133.61, 0.29, 1
133.62, 0.38, 1
133.63, 0.33, 1
133.64, 0.32, 1
133.65, 0.39, 1
133.66, 0.40, 1
133.67, 0.42, 1
133.68, 0.44, 1
133.69, 0.38, 1
133.70, 0.33, 1
133.71, 0.34, 1
133.72, 0.45, 1
133.73, 0.48, 1
133.74, 0.60, 1
133.75, 0.72, 1
133.76, 0.82, 1
133.77, 0.77, 1
133.78, 0.61, 1
133.79, 0.50, 1
133.80, 0.38, 1
133.81, 0.17, 0
133.82, 0.12, 0
133.83, 0.16, 0
133.84, 0.31, 1
133.85, 0.42, 1
133.86, 0.53, 1
133.87, 0.63, 1
133.88, 0.58, 1
133.89, 0.49, 1
133.90, 0.51, 1
133.91, 0.48, 1
133.92, 0.46, 1
133.93, 0.47, 1
133.94, 0.48, 1
133.95, 0.45, 1
133.96, 0.36, 1
133.97, 0.34, 1
133.98, 0.38, 1
133.99, 0.36, 1
134.00, 0.22, 0
134.01, 0.30, 1
134.02, 0.39, 1
134.03, 0.47, 1
134.04, 0.59, 1
134.05, 0.67, 1
134.06, 0.67, 1
134.07, 0.73, 1
134.08, 0.75, 1
134.09, 0.65, 1
134.10, 0.66, 1
134.11, 0.67, 1
134.12, 0.66, 1
134.13, 0.59, 1
134.14, 0.48, 1
134.15, 0.40, 1
134.16, 0.35, 1
134.17, 0.34, 1
134.18, 0.41, 1
134.19, 0.49, 1
134.20, 0.37, 1
134.21, 0.37, 1
134.22, 0.45, 1
134.23, 0.49, 1
134.24, 0.54, 1
134.25, 0.58, 1
134.26, 0.60, 1
134.27, 0.54, 1
134.28, 0.44, 1
134.29, 0.35, 1
134.30, 0.24, 0
134.31, 0.14, 0
134.32, 0.26, 1
134.33, 0.38, 1
134.34, 0.55, 1
134.35, 0.65, 1
134.36, 0.55, 1
134.37, 0.56, 1
134.38, 0.45, 1
134.39, 0.27, 1
134.40, 0.15, 0
134.41, 0.04, 0
134.42, 0.09, 0
134.43, 0.19, 0
134.44, 0.26, 1
134.45, 0.30, 1
134.46, 0.27, 1
134.47, 0.30, 1
134.48, 0.45, 1
134.49, 0.43, 1
134.50, 0.50, 1
134.51, 0.59, 1
134.52, 0.56, 1
134.53, 0.53, 1
134.54, 0.58, 1
134.55, 0.61, 1
134.56, 0.61, 1
134.57, 0.60, 1
134.58, 0.45, 1
134.59, 0.38, 1
134.60, 0.36, 1
134.61, 0.45, 1
134.62, 0.49, 1
134.63, 0.74, 1
134.64, 0.83, 1
134.65, 0.94, 1
134.66, 0.99, 1
134.67, 0.97, 1
134.68, 0.88, 1
134.69, 0.77, 1
134.70, 0.73, 1
134.71, 0.64, 1
134.72, 0.57, 1
134.73, 0.46, 1
134.74, 0.35, 1
134.75, 0.27, 1
134.76, 0.32, 1
134.77, 0.30, 1
134.78, 0.40, 1
134.79, 0.43, 1
134.80, 0.50, 1
134.81, 0.53, 1
134.82, 0.46, 1
134.83, 0.42, 1
134.84, 0.31, 1
134.85, 0.24, 0
134.86, 0.16, 0
134.87, 0.15, 0
134.88, 0.20, 0
134.89, 0.26, 1
134.90, 0.26, 1
134.91, 0.29, 1
134.92, 0.31, 1
134.93, 0.29, 1
134.94, 0.27, 1
134.95, 0.23, 0
134.96, 0.25, 1
134.97, 0.32, 1
134.98, 0.39, 1
134.99, 0.49, 1
135.00, 0.55, 1
135.02, 0.52, 1
135.02, 0.38, 1
135.03, 0.33, 1
135.04, 0.26, 1
135.05, 0.24, 0
135.06, 0.27, 1
135.07, 0.35, 1
135.08, 0.39, 1
135.09, 0.29, 1
135.10, 0.18, 0
135.11, 0.10, 0
135.12, 0.05, 0
135.13, 0.04, 0
135.14, 0.13, 0
135.15, 0.15, 0
135.16, 0.16, 0
135.17, 0.24, 0
135.18, 0.30, 1
135.19, 0.33, 1
135.20, 0.42, 1
135.21, 0.45, 1
135.22, 0.49, 1
135.23, 0.58, 1
135.24, 0.51, 1
135.25, 0.43, 1
135.26, 0.29, 1
135.27, 0.17, 0
135.28, 0.20, 0
135.29, 0.46, 1
135.30, 0.50, 1
135.31, 0.45, 1
135.32, 0.37, 1
135.33, 0.25, 1
135.34, 0.06, 0
135.36, 0.12, 0
135.36, 0.18, 0
135.37, 0.28, 1
135.38, 0.26, 1
135.39, 0.37, 1
135.40, 0.46, 1
135.41, 0.57, 1
135.42, 0.78, 1
135.43, 0.99, 1
135.44, 0.99, 1
135.45, 1.02, 1
135.46, 0.97, 1
135.47, 0.77, 1
135.48, 0.57, 1
135.49, 0.36, 1
135.50, 0.23, 0
135.51, 0.14, 0
135.52, 0.13, 0
135.53, 0.22, 0
135.54, 0.35, 1
135.55, 0.45, 1
135.56, 0.52, 1
135.57, 0.53, 1
135.58, 0.49, 1
135.59, 0.42, 1
135.60, 0.35, 1
135.61, 0.30, 1
135.62, 0.26, 1
135.63, 0.27, 1
135.64, 0.27, 1
135.65, 0.39, 1
135.66, 0.51, 1
135.67, 0.60, 1
135.68, 0.62, 1
135.69, 0.55, 1
135.71, 0.47, 1
135.71, 0.33, 1
135.72, 0.30, 1
135.73, 0.38, 1
135.74, 0.54, 1
135.75, 0.73, 1
135.76, 0.89, 1
135.77, 1.03, 1
135.78, 1.15, 1
135.79, 1.18, 1
135.80, 1.01, 1
135.81, 0.79, 1
135.82, 0.64, 1
135.83, 0.39, 1
135.84, 0.32, 1
135.85, 0.35, 1
135.86, 0.44, 1
135.87, 0.43, 1
135.88, 0.33, 1
135.89, 0.29, 1
135.90, 0.25, 1
135.91, 0.36, 1
135.92, 0.38, 1
135.93, 0.54, 1
135.94, 0.65, 1
135.95, 0.68, 1
135.96, 0.65, 1
135.97, 0.62, 1
135.98, 0.58, 1
135.99, 0.40, 1
136.00, 0.34, 1
136.01, 0.29, 1
136.02, 0.23, 0
136.03, 0.25, 1
136.04, 0.19, 0
136.05, 0.12, 0
136.07, 0.05, 0
136.07, 0.06, 0
136.08, 0.06, 0
136.09, 0.05, 0
136.10, 0.16, 0
136.11, 0.25, 0
136.12, 0.32, 1
136.13, 0.42, 1
136.14, 0.47, 1
136.15, 0.45, 1
136.16, 0.33, 1
136.17, 0.24, 0
136.18, 0.22, 0
136.19, 0.14, 0
136.20, 0.17, 0
136.21, 0.16, 0
136.22, 0.11, 0
136.23, 0.08, 0
136.24, 0.03, 0
136.25, 0.16, 0
136.26, 0.33, 1
136.27, 0.46, 1
136.28, 0.51, 1
136.29, 0.56, 1
136.30, 0.57, 1
136.31, 0.54, 1
136.32, 0.42, 1
136.33, 0.20, 0
136.34, 0.08, 0
136.35, 0.08, 0
136.36, 0.17, 0
136.37, 0.29, 1
136.38, 0.36, 1
136.39, 0.42, 1
136.40, 0.42, 1
136.41, 0.44, 1
136.42, 0.50, 1
136.43, 0.43, 1
136.44, 0.25, 1
136.45, 0.15, 0
136.46, 0.15, 0
136.47, 0.14, 0
136.48, 0.14, 0
136.49, 0.31, 1
136.50, 0.29, 1
136.51, 0.21, 0
136.52, 0.26, 1
136.53, 0.28, 1
136.54, 0.24, 0
136.55, 0.20, 0
136.56, 0.12, 0
136.57, 0.17, 0
136.58, 0.25, 1
136.59, 0.29, 1
136.60, 0.31, 1
136.61, 0.35, 1
136.62, 0.35, 1
136.63, 0.30, 1
136.64, 0.25, 0
136.65, 0.22, 0
136.66, 0.17, 0
136.67, 0.13, 0
136.68, 0.07, 0
136.69, 0.19, 0
136.70, 0.34, 1
136.71, 0.50, 1
136.72, 0.67, 1
136.73, 0.76, 1
136.74, 0.68, 1
136.75, 0.62, 1
136.77, 0.55, 1
136.77, 0.47, 1
136.78, 0.36, 1
136.79, 0.34, 1
136.80, 0.33, 1
136.81, 0.28, 1
136.82, 0.22, 0
136.83, 0.14, 0
136.84, 0.04, 0
136.85, 0.14, 0
136.86, 0.19, 0
136.87, 0.35, 1
136.88, 0.42, 1
136.89, 0.40, 1
136.90, 0.43, 1
136.91, 0.41, 1
136.92, 0.36, 1
136.93, 0.28, 1
136.94, 0.31, 1
136.95, 0.33, 1
136.96, 0.29, 1
136.97, 0.29, 1
136.98, 0.29, 1
136.99, 0.16, 0
137.00, 0.01, 0
137.01, 0.05, 0
137.02, 0.23, 0
137.03, 0.40, 1
137.04, 0.52, 1
137.05, 0.58, 1
137.06, 0.61, 1
137.07, 0.55, 1
137.08, 0.42, 1
137.09, 0.37, 1
137.10, 0.31, 1
137.12, 0.26, 1
137.12, 0.23, 0
137.13, 0.20, 0
137.14, 0.19, 0
137.15, 0.06, 0
137.16, 0.05, 0
137.17, 0.12, 0
137.18, 0.18, 0
137.19, 0.13, 0
137.20, 0.15, 0
137.21, 0.16, 0
137.22, 0.14, 0
137.23, 0.17, 0
137.24, 0.12, 0
137.25, 0.10, 0
137.26, 0.10, 0
137.27, 0.17, 0
137.28, 0.18, 0
137.29, 0.08, 0
137.30, 0.00, 0
137.31, 0.03, 0
137.32, 0.04, 0
137.33, 0.10, 0
137.34, 0.19, 0
137.35, 0.17, 0
137.36, 0.19, 0
137.37, 0.23, 0
137.38, 0.25, 1
137.39, 0.15, 0
137.40, 0.08, 0
137.41, 0.21, 0
137.42, 0.34, 1
137.43, 0.41, 1
137.44, 0.44, 1
137.45, 0.35, 1
137.46, 0.29, 1
137.48, 0.35, 1
137.48, 0.35, 1
137.49, 0.31, 1
137.50, 0.22, 0
137.51, 0.13, 0
137.52, 0.05, 0
137.53, 0.23, 0
137.54, 0.37, 1
137.55, 0.50, 1
137.56, 0.53, 1
137.57, 0.50, 1
137.58, 0.47, 1
137.59, 0.37, 1
137.60, 0.18, 0
137.61, 0.06, 0
137.62, 0.09, 0
137.63, 0.15, 0
137.64, 0.25, 1
137.65, 0.22, 0
137.66, 0.20, 0
137.67, 0.24, 0
137.68, 0.22, 0
137.69, 0.22, 0
137.70, 0.15, 0
137.71, 0.17, 0
137.72, 0.15, 0
137.73, 0.11, 0
137.74, 0.11, 0
137.75, 0.12, 0
137.76, 0.16, 0
137.77, 0.30, 1
137.78, 0.36, 1
137.79, 0.31, 1
137.80, 0.19, 0
137.81, 0.08, 0
137.82, 0.18, 0
137.83, 0.28, 1
137.84, 0.36, 1
137.85, 0.36, 1
137.86, 0.26, 1
137.87, 0.15, 0
137.88, 0.09, 0
137.89, 0.16, 0
137.90, 0.35, 1
137.91, 0.47, 1
137.92, 0.53, 1
137.93, 0.48, 1
137.94, 0.44, 1
137.95, 0.35, 1
137.96, 0.19, 0
137.97, 0.03, 0
137.98, 0.09, 0
137.99, 0.20, 0
138.00, 0.29, 1
138.01, 0.38, 1
138.02, 0.42, 1
138.03, 0.43, 1
138.04, 0.38, 1
138.05, 0.35, 1
138.06, 0.34, 1
138.07, 0.24, 0
138.08, 0.11, 0
138.09, 0.09, 0
138.10, 0.12, 0
138.11, 0.18, 0
138.12, 0.15, 0
138.13, 0.09, 0
138.14, 0.07, 0
138.15, 0.19, 0
138.16, 0.28, 1
138.18, 0.37, 1
138.18, 0.43, 1
138.19, 0.45, 1
138.20, 0.48, 1
138.21, 0.55, 1
138.22, 0.54, 1
138.23, 0.49, 1
138.24, 0.41, 1
138.25, 0.33, 1
138.26, 0.24, 0
138.27, 0.14, 0
138.28, 0.10, 0
138.29, 0.17, 0
138.30, 0.29, 1
138.31, 0.33, 1
138.32, 0.31, 1
138.33, 0.27, 1
138.34, 0.24, 0
138.35, 0.22, 0
138.36, 0.24, 0
138.37, 0.27, 1
138.38, 0.27, 1
138.39, 0.35, 1
138.40, 0.38, 1
138.41, 0.38, 1
138.42, 0.39, 1
138.43, 0.30, 1
138.44, 0.27, 1
138.45, 0.27, 1
138.46, 0.27, 1
138.47, 0.22, 0
138.48, 0.21, 0
138.49, 0.26, 1
138.50, 0.27, 1
138.51, 0.27, 1
138.52, 0.23, 0
138.53, 0.28, 1
138.54, 0.29, 1
138.55, 0.30, 1
138.56, 0.31, 1
138.57, 0.26, 1
138.58, 0.20, 0
138.59, 0.19, 0
138.60, 0.19, 0
138.61, 0.36, 1
138.62, 0.46, 1
138.63, 0.48, 1
138.64, 0.55, 1
138.65, 0.56, 1
138.66, 0.51, 1
138.67, 0.43, 1
138.68, 0.40, 1
138.69, 0.39, 1
138.70, 0.27, 1
138.71, 0.15, 0
138.72, 0.13, 0
138.73, 0.11, 0
138.74, 0.09, 0
138.75, 0.02, 0
138.76, 0.04, 0
138.77, 0.05, 0
138.78, 0.04, 0
138.79, 0.06, 0
138.80, 0.20, 0
138.81, 0.17, 0
138.82, 0.20, 0
138.83, 0.14, 0
138.84, 0.09, 0
138.85, 0.10, 0
138.86, 0.07, 0
138.87, 0.06, 0
138.89, 0.12, 0
138.89, 0.16, 0
138.90, 0.26, 1
138.91, 0.19, 0
138.92, 0.18, 0
138.93, 0.19, 0
138.94, 0.16, 0
138.95, 0.13, 0
138.96, 0.10, 0
138.97, 0.18, 0
138.98, 0.23, 0
138.99, 0.28, 1
139.00, 0.39, 1
139.01, 0.43, 1
139.02, 0.45, 1
139.03, 0.40, 1
139.04, 0.33, 1
139.05, 0.23, 0
139.06, 0.13, 0
139.07, 0.12, 0
139.08, 0.13, 0
139.09, 0.11, 0
139.10, 0.16, 0
139.11, 0.21, 0
139.12, 0.25, 1
139.13, 0.34, 1
139.14, 0.40, 1
139.15, 0.52, 1
139.16, 0.54, 1
139.17, 0.53, 1
139.18, 0.43, 1
139.19, 0.39, 1
139.20, 0.32, 1
139.21, 0.17, 0
139.22, 0.11, 0
139.23, 0.19, 0
139.24, 0.35, 1
139.25, 0.41, 1
139.26, 0.39, 1
139.27, 0.33, 1
139.28, 0.21, 0
139.29, 0.14, 0
139.30, 0.22, 0
139.31, 0.36, 1
139.32, 0.42, 1
139.33, 0.50, 1
139.34, 0.54, 1
139.35, 0.45, 1
139.36, 0.36, 1
139.37, 0.25, 1
139.38, 0.20, 0
139.39, 0.27, 1
139.40, 0.34, 1
139.41, 0.33, 1
139.42, 0.39, 1
139.43, 0.33, 1
139.44, 0.29, 1
139.45, 0.28, 1
139.46, 0.31, 1
139.47, 0.30, 1
139.48, 0.27, 1
139.49, 0.27, 1
139.50, 0.21, 0
139.51, 0.19, 0
139.52, 0.21, 0
139.53, 0.24, 0
139.54, 0.26, 1
139.55, 0.27, 1
139.56, 0.25, 0
139.58, 0.24, 0
139.58, 0.20, 0
139.59, 0.13, 0
139.60, 0.07, 0
139.61, 0.02, 0
139.62, 0.02, 0
139.63, 0.03, 0
139.64, 0.10, 0
139.65, 0.22, 0
139.66, 0.25, 0
139.67, 0.27, 1
139.68, 0.32, 1
139.69, 0.39, 1
139.70, 0.40, 1
139.71, 0.36, 1
139.72, 0.30, 1
139.73, 0.25, 1
139.74, 0.15, 0
139.75, 0.06, 0
139.76, 0.12, 0
139.77, 0.24, 0
139.78, 0.33, 1
139.79, 0.41, 1
139.80, 0.50, 1
139.81, 0.49, 1
139.82, 0.48, 1
139.83, 0.45, 1
139.84, 0.38, 1
139.85, 0.26, 1
139.86, 0.11, 0
139.87, 0.11, 0
139.88, 0.20, 0
139.89, 0.24, 0
139.90, 0.29, 1
139.91, 0.31, 1
139.92, 0.24, 0
139.93, 0.20, 0
139.94, 0.19, 0
139.95, 0.18, 0
139.96, 0.17, 0
139.97, 0.24, 0
139.98, 0.30, 1
139.99, 0.29, 1
140.00, 0.23, 0
140.01, 0.18, 0
140.02, 0.12, 0
140.03, 0.17, 0
140.04, 0.27, 1
140.05, 0.29, 1
140.06, 0.30, 1
140.07, 0.32, 1
140.08, 0.31, 1
140.09, 0.24, 0
140.10, 0.17, 0
140.11, 0.14, 0
140.12, 0.08, 0
140.13, 0.17, 0
140.14, 0.23, 0
140.15, 0.23, 0
140.16, 0.28, 1
140.17, 0.34, 1
140.18, 0.35, 1
140.19, 0.32, 1
140.20, 0.31, 1
140.21, 0.26, 1
140.22, 0.21, 0
140.23, 0.14, 0
140.24, 0.12, 0
140.25, 0.16, 0
140.26, 0.18, 0
140.27, 0.17, 0
140.28, 0.14, 0
140.30, 0.12, 0
140.30, 0.15, 0
140.31, 0.23, 0
140.32, 0.30, 1
140.33, 0.37, 1
140.34, 0.36, 1
140.35, 0.36, 1
140.36, 0.39, 1
140.37, 0.35, 1
140.38, 0.30, 1
140.39, 0.27, 1
140.40, 0.22, 0
140.41, 0.09, 0
140.42, 0.03, 0
140.43, 0.05, 0
140.44, 0.12, 0
140.45, 0.16, 0
140.46, 0.13, 0
140.47, 0.08, 0
140.48, 0.08, 0
140.49, 0.11, 0
140.50, 0.13, 0
140.51, 0.06, 0
140.52, 0.06, 0
140.53, 0.11, 0
140.54, 0.20, 0
140.55, 0.30, 1
140.56, 0.35, 1
140.57, 0.36, 1
140.58, 0.35, 1
140.59, 0.33, 1
140.60, 0.30, 1
140.61, 0.26, 1
140.62, 0.27, 1
140.63, 0.27, 1
140.64, 0.30, 1
140.65, 0.29, 1
140.66, 0.30, 1
140.67, 0.29, 1
140.68, 0.26, 1
140.69, 0.30, 1
140.70, 0.38, 1
140.71, 0.45, 1
140.72, 0.47, 1
140.73, 0.48, 1
140.74, 0.44, 1
140.75, 0.41, 1
140.76, 0.38, 1
140.77, 0.28, 1
140.78, 0.25, 0
140.79, 0.22, 0
140.80, 0.20, 0
140.81, 0.19, 0
140.82, 0.13, 0
140.83, 0.08, 0
140.84, 0.10, 0
140.85, 0.16, 0
140.86, 0.22, 0
140.87, 0.27, 1
140.88, 0.31, 1
140.89, 0.35, 1
140.90, 0.36, 1
140.91, 0.37, 1
140.92, 0.31, 1
140.93, 0.24, 0
140.94, 0.21, 0
140.95, 0.17, 0
140.96, 0.19, 0
140.97, 0.26, 1
140.99, 0.33, 1
140.99, 0.37, 1
141.00, 0.42, 1
141.01, 0.41, 1
141.02, 0.37, 1
141.03, 0.34, 1
141.04, 0.25, 1
141.05, 0.19, 0
141.06, 0.13, 0
141.07, 0.09, 0
141.08, 0.18, 0
141.09, 0.27, 1
141.10, 0.40, 1
141.11, 0.49, 1
141.12, 0.53, 1
141.13, 0.55, 1
141.14, 0.55, 1
141.15, 0.51, 1
141.16, 0.45, 1
141.17, 0.39, 1
141.18, 0.31, 1
141.19, 0.25, 1
141.20, 0.18, 0
141.21, 0.07, 0
141.22, 0.02, 0
141.23, 0.14, 0
141.24, 0.30, 1
141.25, 0.41, 1
141.26, 0.48, 1
141.27, 0.52, 1
141.28, 0.49, 1
141.29, 0.40, 1
141.30, 0.31, 1
141.31, 0.23, 0
141.32, 0.17, 0
141.33, 0.10, 0
141.35, 0.15, 0
141.35, 0.24, 0
141.36, 0.36, 1
141.37, 0.46, 1
141.38, 0.49, 1
141.39, 0.49, 1
141.40, 0.47, 1
141.41, 0.45, 1
141.42, 0.41, 1
141.43, 0.35, 1
141.44, 0.24, 0
141.45, 0.14, 0
141.46, 0.21, 0
141.47, 0.30, 1
141.48, 0.40, 1
141.49, 0.47, 1
141.50, 0.50, 1
141.51, 0.51, 1
141.52, 0.51, 1
141.53, 0.54, 1
141.54, 0.53, 1
141.55, 0.49, 1
141.56, 0.45, 1
141.57, 0.44, 1
141.58, 0.39, 1
141.58, 0.32, 1
141.60, 0.20, 0
141.61, 0.09, 0
141.62, 0.11, 0
141.63, 0.21, 0
141.64, 0.33, 1
141.65, 0.33, 1
141.66, 0.28, 1
141.67, 0.25, 1
141.68, 0.15, 0
141.69, 0.07, 0
141.70, 0.08, 0
141.71, 0.11, 0
141.72, 0.12, 0
141.73, 0.14, 0
141.74, 0.15, 0
141.75, 0.12, 0
141.76, 0.06, 0
141.76, 0.03, 0
141.78, 0.14, 0
141.79, 0.23, 0
141.79, 0.25, 0
141.81, 0.29, 1
141.82, 0.34, 1
141.83, 0.34, 1
141.84, 0.31, 1
141.85, 0.29, 1
141.86, 0.24, 0
141.87, 0.16, 0
141.88, 0.15, 0
141.89, 0.17, 0
141.90, 0.18, 0
141.91, 0.18, 0
141.92, 0.13, 0
141.93, 0.10, 0
141.94, 0.07, 0
141.95, 0.11, 0
141.96, 0.11, 0
141.97, 0.06, 0
141.98, 0.05, 0
141.99, 0.18, 0
142.00, 0.28, 1
142.01, 0.32, 1
142.02, 0.28, 1
142.03, 0.23, 0
142.04, 0.11, 0
142.05, 0.01, 0
142.06, 0.08, 0
142.07, 0.17, 0
142.08, 0.14, 0
142.09, 0.16, 0
142.10, 0.18, 0
142.11, 0.17, 0
142.12, 0.14, 0
142.13, 0.12, 0
142.14, 0.13, 0
142.15, 0.21, 0
142.16, 0.30, 1
142.17, 0.36, 1
142.18, 0.37, 1
142.19, 0.36, 1
142.20, 0.32, 1
142.21, 0.25, 1
142.22, 0.16, 0
142.23, 0.17, 0
142.24, 0.27, 1
142.25, 0.34, 1
142.26, 0.41, 1
142.27, 0.48, 1
142.28, 0.50, 1
142.29, 0.42, 1
142.30, 0.28, 1
142.31, 0.14, 0
142.32, 0.08, 0
142.33, 0.16, 0
142.34, 0.26, 1
142.35, 0.35, 1
142.36, 0.38, 1
142.37, 0.41, 1
142.38, 0.49, 1
142.39, 0.52, 1
142.40, 0.43, 1
142.41, 0.33, 1
142.42, 0.25, 1
142.43, 0.15, 0
142.44, 0.06, 0
142.45, 0.04, 0
142.46, 0.06, 0
142.47, 0.11, 0
142.48, 0.12, 0
142.49, 0.15, 0
142.50, 0.22, 0
142.51, 0.24, 0
142.52, 0.21, 0
142.53, 0.16, 0
142.54, 0.09, 0
142.55, 0.13, 0
142.56, 0.15, 0
142.57, 0.24, 0
142.58, 0.31, 1
142.59, 0.33, 1
142.60, 0.31, 1
142.61, 0.32, 1
142.62, 0.30, 1
142.63, 0.27, 1
142.64, 0.22, 0
142.65, 0.21, 0
142.66, 0.23, 0
142.67, 0.23, 0
142.68, 0.24, 0
142.69, 0.23, 0
142.70, 0.16, 0
142.71, 0.05, 0
142.72, 0.06, 0
142.73, 0.15, 0
142.74, 0.29, 1
142.76, 0.31, 1
142.76, 0.36, 1
142.77, 0.40, 1
142.78, 0.39, 1
142.79, 0.29, 1
142.80, 0.29, 1
142.81, 0.25, 0
142.82, 0.23, 0
142.83, 0.22, 0
142.84, 0.24, 0
142.85, 0.23, 0
142.86, 0.20, 0
142.87, 0.17, 0
142.88, 0.19, 0
142.89, 0.20, 0
142.90, 0.19, 0
142.91, 0.15, 0
142.92, 0.14, 0
142.93, 0.17, 0
142.94, 0.20, 0
142.95, 0.25, 1
142.96, 0.32, 1
142.97, 0.33, 1
142.98, 0.28, 1
142.99, 0.26, 1
143.00, 0.18, 0
143.01, 0.10, 0
143.02, 0.08, 0
143.03, 0.03, 0
143.04, 0.00, 0
143.05, 0.05, 0
143.06, 0.08, 0
143.07, 0.09, 0
143.08, 0.13, 0
143.09, 0.15, 0
143.10, 0.18, 0
143.11, 0.21, 0
143.12, 0.21, 0
143.13, 0.19, 0
143.14, 0.21, 0
143.15, 0.21, 0
143.16, 0.30, 1
143.17, 0.38, 1
143.18, 0.43, 1
143.19, 0.42, 1
143.20, 0.40, 1
143.21, 0.34, 1
143.22, 0.26, 1
143.23, 0.14, 0
143.24, 0.07, 0
143.25, 0.11, 0
143.26, 0.14, 0
143.27, 0.16, 0
143.28, 0.16, 0
143.29, 0.21, 0
143.30, 0.22, 0
143.31, 0.21, 0
143.32, 0.24, 0
143.33, 0.20, 0
143.34, 0.17, 0
143.35, 0.16, 0
143.36, 0.12, 0
143.37, 0.04, 0
143.38, 0.13, 0
143.39, 0.26, 1
143.40, 0.42, 1
143.41, 0.61, 1
143.42, 0.64, 1
143.43, 0.68, 1
143.44, 0.68, 1
143.45, 0.63, 1
143.46, 0.51, 1
143.47, 0.46, 1
143.48, 0.42, 1
143.49, 0.39, 1
143.50, 0.31, 1
143.51, 0.23, 0
143.52, 0.19, 0
143.53, 0.23, 0
143.54, 0.23, 0
143.55, 0.32, 1
143.56, 0.49, 1
143.57, 0.61, 1
143.58, 0.71, 1
143.59, 0.82, 1
143.60, 0.87, 1
143.61, 0.87, 1
143.62, 0.82, 1
143.63, 0.72, 1
143.64, 0.63, 1
143.65, 0.68, 1
143.66, 0.64, 1
143.67, 0.62, 1
143.68, 0.68, 1
143.69, 0.72, 1
143.70, 0.69, 1
143.71, 0.64, 1
143.72, 0.57, 1
143.73, 0.47, 1
143.74, 0.39, 1
143.75, 0.41, 1
143.76, 0.44, 1
143.77, 0.56, 1
143.78, 0.72, 1
143.79, 0.73, 1
143.80, 0.70, 1
143.81, 0.58, 1
143.82, 0.39, 1
143.83, 0.22, 0
143.84, 0.10, 0
143.85, 0.19, 0
143.86, 0.31, 1
143.87, 0.39, 1
143.88, 0.45, 1
143.89, 0.51, 1
143.90, 0.49, 1
143.91, 0.41, 1
143.92, 0.35, 1
143.93, 0.27, 1
143.94, 0.19, 0
143.95, 0.20, 0
143.96, 0.40, 1
143.97, 0.46, 1
143.98, 0.58, 1
143.99, 0.73, 1
144.00, 0.77, 1
144.01, 0.67, 1
144.02, 0.55, 1
144.03, 0.46, 1
144.04, 0.38, 1
144.05, 0.34, 1
144.06, 0.36, 1
144.07, 0.35, 1
144.08, 0.27, 1
144.09, 0.27, 1
144.10, 0.24, 0
144.11, 0.18, 0
144.12, 0.15, 0
144.13, 0.14, 0
144.14, 0.17, 0
144.15, 0.20, 0
144.17, 0.24, 0
144.17, 0.26, 1
144.18, 0.25, 1
144.19, 0.21, 0
144.20, 0.19, 0
144.21, 0.26, 1
144.22, 0.34, 1
144.23, 0.36, 1
144.24, 0.42, 1
144.25, 0.45, 1
144.26, 0.38, 1
144.27, 0.30, 1
144.28, 0.23, 0
144.29, 0.18, 0
144.30, 0.15, 0
144.31, 0.22, 0
144.32, 0.30, 1
144.33, 0.35, 1
144.34, 0.38, 1
144.35, 0.42, 1
144.36, 0.46, 1
144.37, 0.50, 1
144.38, 0.53, 1
144.39, 0.60, 1
144.40, 0.66, 1
144.41, 0.69, 1
144.42, 0.59, 1
144.43, 0.59, 1
144.44, 0.48, 1
144.45, 0.33, 1
144.46, 0.26, 1
144.47, 0.12, 0
144.48, 0.02, 0
144.49, 0.07, 0
144.50, 0.10, 0
144.51, 0.22, 0
144.52, 0.28, 1
144.53, 0.32, 1
144.54, 0.34, 1
144.55, 0.35, 1
144.56, 0.37, 1
144.57, 0.36, 1
144.58, 0.34, 1
144.59, 0.31, 1
144.60, 0.30, 1
144.61, 0.22, 0
144.62, 0.12, 0
144.63, 0.08, 0
144.64, 0.09, 0
144.65, 0.12, 0
144.66, 0.14, 0
144.67, 0.12, 0
144.68, 0.11, 0
144.69, 0.10, 0
144.70, 0.07, 0
144.71, 0.01, 0
144.72, 0.12, 0
144.73, 0.22, 0
144.74, 0.33, 1
144.75, 0.39, 1
144.76, 0.44, 1
144.77, 0.45, 1
144.78, 0.43, 1
144.79, 0.39, 1
144.80, 0.29, 1
144.81, 0.22, 0
144.82, 0.17, 0
144.83, 0.17, 0
144.84, 0.25, 1
144.86, 0.30, 1
144.86, 0.34, 1
144.87, 0.35, 1
144.88, 0.27, 1
144.89, 0.22, 0
144.90, 0.24, 0
144.91, 0.21, 0
144.92, 0.19, 0
144.93, 0.25, 1
144.94, 0.26, 1
144.95, 0.24, 0
144.96, 0.20, 0
144.97, 0.15, 0
144.98, 0.10, 0
144.99, 0.12, 0
145.00, 0.13, 0
145.01, 0.17, 0
145.02, 0.19, 0
145.03, 0.22, 0
145.04, 0.26, 1
145.05, 0.30, 1
145.06, 0.32, 1
145.07, 0.29, 1
145.08, 0.26, 1
145.09, 0.25, 1
145.10, 0.20, 0
145.11, 0.21, 0
145.12, 0.28, 1
145.13, 0.37, 1
145.14, 0.46, 1
145.15, 0.48, 1
145.16, 0.42, 1
145.17, 0.38, 1
145.18, 0.34, 1
145.19, 0.29, 1
145.20, 0.21, 0
145.21, 0.21, 0
145.22, 0.22, 0
145.23, 0.22, 0
145.24, 0.22, 0
145.25, 0.31, 1
145.26, 0.34, 1
145.27, 0.37, 1
145.28, 0.40, 1
145.29, 0.41, 1
145.30, 0.40, 1
145.31, 0.37, 1
145.32, 0.30, 1
145.33, 0.23, 0
145.34, 0.18, 0
145.35, 0.07, 0
145.36, 0.04, 0
145.37, 0.15, 0
145.38, 0.25, 0
145.39, 0.32, 1
145.40, 0.41, 1
145.41, 0.48, 1
145.42, 0.45, 1
145.43, 0.38, 1
145.44, 0.29, 1
145.45, 0.20, 0
145.46, 0.14, 0
145.47, 0.24, 0
145.48, 0.35, 1
145.49, 0.41, 1
145.50, 0.40, 1
145.51, 0.33, 1
145.52, 0.25, 0
145.53, 0.14, 0
145.54, 0.09, 0
145.55, 0.19, 0
145.56, 0.26, 1
145.57, 0.25, 1
145.58, 0.22, 0
145.59, 0.12, 0
145.60, 0.14, 0
145.61, 0.22, 0
145.62, 0.22, 0
145.63, 0.16, 0
145.64, 0.10, 0
145.65, 0.06, 0
145.66, 0.04, 0
145.67, 0.02, 0
145.68, 0.10, 0
145.69, 0.14, 0
145.70, 0.17, 0
145.71, 0.17, 0
145.72, 0.20, 0
145.73, 0.21, 0
145.74, 0.20, 0
145.75, 0.22, 0
145.76, 0.21, 0
145.77, 0.13, 0
145.78, 0.07, 0
145.79, 0.15, 0
145.80, 0.26, 1
145.81, 0.33, 1
145.82, 0.34, 1
145.83, 0.23, 0
145.84, 0.22, 0
145.85, 0.17, 0
145.86, 0.19, 0
145.87, 0.29, 1
145.88, 0.39, 1
145.89, 0.44, 1
145.90, 0.43, 1
145.91, 0.41, 1
145.92, 0.38, 1
145.93, 0.25, 1
145.94, 0.12, 0
145.95, 0.03, 0
145.96, 0.12, 0
145.97, 0.15, 0
145.98, 0.19, 0
145.99, 0.20, 0
146.00, 0.22, 0
146.01, 0.22, 0
146.02, 0.25, 0
146.03, 0.29, 1
146.04, 0.32, 1
146.05, 0.28, 1
146.06, 0.18, 0
146.07, 0.04, 0
146.08, 0.06, 0
146.09, 0.15, 0
146.10, 0.25, 0
146.11, 0.31, 1
146.12, 0.31, 1
146.13, 0.25, 0
146.14, 0.18, 0
146.15, 0.16, 0
146.16, 0.21, 0
146.17, 0.22, 0
146.18, 0.28, 1
146.19, 0.29, 1
146.20, 0.26, 1
146.21, 0.19, 0
146.22, 0.22, 0
146.23, 0.27, 1
146.24, 0.30, 1
146.25, 0.32, 1
146.26, 0.35, 1
146.27, 0.33, 1
146.28, 0.27, 1
146.29, 0.20, 0
146.30, 0.16, 0
146.31, 0.10, 0
146.32, 0.10, 0
146.33, 0.10, 0
146.34, 0.14, 0
146.35, 0.18, 0
146.36, 0.23, 0
146.37, 0.29, 1
146.38, 0.38, 1
146.39, 0.45, 1
146.40, 0.46, 1
146.41, 0.41, 1
146.42, 0.37, 1
146.43, 0.28, 1
146.44, 0.22, 0
146.45, 0.21, 0
146.46, 0.22, 0
146.47, 0.25, 1
146.48, 0.29, 1
146.49, 0.33, 1
146.50, 0.34, 1
146.51, 0.34, 1
146.52, 0.37, 1
146.53, 0.41, 1
146.54, 0.44, 1
146.55, 0.44, 1
146.56, 0.43, 1
146.57, 0.36, 1
146.58, 0.32, 1
146.59, 0.25, 0
146.60, 0.15, 0
146.61, 0.19, 0
146.63, 0.20, 0
146.63, 0.22, 0
146.64, 0.27, 1
146.65, 0.33, 1
146.66, 0.33, 1
146.67, 0.29, 1
146.68, 0.28, 1
146.69, 0.26, 1
146.70, 0.21, 0
146.71, 0.16, 0
146.72, 0.12, 0
146.73, 0.19, 0
146.74, 0.30, 1
146.75, 0.37, 1
146.76, 0.49, 1
146.77, 0.56, 1
146.78, 0.61, 1
146.79, 0.68, 1
146.80, 0.71, 1
146.80, 0.63, 1
146.82, 0.52, 1
146.83, 0.40, 1
146.84, 0.32, 1
146.85, 0.30, 1
146.86, 0.38, 1
146.87, 0.45, 1
146.88, 0.53, 1
146.89, 0.63, 1
146.90, 0.72, 1
146.91, 0.78, 1
146.92, 0.82, 1
146.93, 0.80, 1
146.94, 0.74, 1
146.95, 0.60, 1
146.96, 0.48, 1
146.97, 0.30, 1
146.98, 0.19, 0
146.99, 0.28, 1
147.00, 0.34, 1
147.01, 0.35, 1
147.02, 0.41, 1
147.03, 0.43, 1
147.04, 0.38, 1
147.05, 0.34, 1
147.06, 0.30, 1
147.07, 0.30, 1
147.08, 0.31, 1
147.09, 0.35, 1
147.10, 0.43, 1
147.11, 0.47, 1
147.12, 0.48, 1
147.13, 0.50, 1
147.14, 0.49, 1
147.15, 0.44, 1
147.16, 0.38, 1
147.17, 0.31, 1
147.18, 0.24, 0
147.19, 0.17, 0
147.20, 0.10, 0
147.21, 0.04, 0
147.22, 0.11, 0
147.23, 0.17, 0
147.24, 0.19, 0
147.25, 0.21, 0
147.26, 0.20, 0
147.27, 0.15, 0
147.28, 0.10, 0
147.29, 0.08, 0
147.30, 0.11, 0
147.31, 0.10, 0
147.32, 0.06, 0
147.33, 0.04, 0
147.34, 0.06, 0
147.35, 0.10, 0
147.36, 0.14, 0
147.37, 0.17, 0
147.38, 0.23, 0
147.39, 0.30, 1
147.40, 0.34, 1
147.41, 0.30, 1
147.42, 0.20, 0
147.43, 0.12, 0
147.44, 0.01, 0
147.45, 0.08, 0
147.46, 0.17, 0
147.47, 0.17, 0
147.48, 0.13, 0
147.49, 0.09, 0
147.50, 0.06, 0
147.51, 0.12, 0
147.52, 0.20, 0
147.53, 0.19, 0
147.54, 0.19, 0
147.55, 0.17, 0
147.56, 0.18, 0
147.57, 0.26, 1
147.58, 0.34, 1
147.59, 0.42, 1
147.60, 0.48, 1
147.61, 0.54, 1
147.62, 0.52, 1
147.63, 0.46, 1
147.64, 0.38, 1
147.65, 0.32, 1
147.66, 0.24, 0
147.67, 0.17, 0
147.68, 0.06, 0
147.69, 0.13, 0
147.70, 0.21, 0
147.71, 0.37, 1
147.72, 0.48, 1
147.73, 0.59, 1
147.74, 0.59, 1
147.75, 0.55, 1
147.76, 0.46, 1
147.77, 0.29, 1
147.78, 0.07, 0
147.79, 0.11, 0
147.80, 0.29, 1
147.81, 0.42, 1
147.82, 0.41, 1
147.83, 0.36, 1
147.84, 0.32, 1
147.85, 0.24, 0
147.86, 0.16, 0
147.87, 0.17, 0
147.88, 0.17, 0
147.89, 0.19, 0
147.90, 0.22, 0
147.91, 0.16, 0
147.92, 0.05, 0
147.93, 0.04, 0
147.94, 0.13, 0
147.95, 0.23, 0
147.96, 0.24, 0
147.97, 0.23, 0
147.98, 0.20, 0
147.99, 0.20, 0
148.00, 0.13, 0
148.01, 0.07, 0
148.02, 0.13, 0
148.04, 0.20, 0
148.04, 0.28, 1
148.05, 0.35, 1
148.06, 0.40, 1
148.07, 0.37, 1
148.08, 0.27, 1
148.09, 0.18, 0
148.10, 0.17, 0
148.11, 0.23, 0
148.12, 0.31, 1
148.13, 0.39, 1
148.14, 0.45, 1
148.15, 0.49, 1
148.16, 0.54, 1
148.17, 0.56, 1
148.18, 0.58, 1
148.19, 0.57, 1
148.20, 0.57, 1
148.21, 0.51, 1
148.22, 0.44, 1
148.23, 0.28, 1
148.24, 0.21, 0
148.25, 0.15, 0
148.26, 0.19, 0
148.27, 0.25, 1
148.28, 0.26, 1
148.29, 0.27, 1
148.30, 0.32, 1
148.31, 0.39, 1
148.32, 0.44, 1
148.33, 0.43, 1
148.34, 0.32, 1
148.35, 0.19, 0
148.36, 0.08, 0
148.37, 0.10, 0
148.38, 0.24, 0
148.39, 0.36, 1
148.40, 0.40, 1
148.41, 0.41, 1
148.42, 0.39, 1
148.43, 0.34, 1
148.44, 0.28, 1
148.45, 0.27, 1
148.46, 0.36, 1
148.47, 0.50, 1
148.48, 0.62, 1
148.49, 0.71, 1
148.50, 0.73, 1
148.51, 0.69, 1
148.52, 0.58, 1
148.53, 0.46, 1
148.54, 0.34, 1
148.55, 0.33, 1
148.56, 0.42, 1
148.57, 0.54, 1
148.58, 0.61, 1
148.59, 0.61, 1
148.60, 0.58, 1
148.61, 0.53, 1
148.62, 0.44, 1
148.63, 0.37, 1
148.64, 0.32, 1
148.65, 0.24, 0
148.66, 0.20, 0
148.67, 0.20, 0
148.68, 0.22, 0
148.69, 0.27, 1
148.70, 0.35, 1
148.71, 0.38, 1
148.72, 0.38, 1
148.73, 0.34, 1
148.74, 0.28, 1
148.75, 0.19, 0
148.76, 0.17, 0
148.77, 0.15, 0
148.78, 0.13, 0
148.79, 0.14, 0
148.80, 0.14, 0
148.81, 0.11, 0
148.82, 0.07, 0
148.83, 0.14, 0
148.84, 0.25, 0
148.85, 0.34, 1
148.86, 0.39, 1
148.87, 0.39, 1
148.88, 0.34, 1
148.89, 0.32, 1
148.90, 0.26, 1
148.91, 0.20, 0
148.92, 0.28, 1
148.93, 0.39, 1
148.94, 0.44, 1
148.95, 0.48, 1
148.96, 0.48, 1
148.97, 0.41, 1
148.98, 0.32, 1
148.99, 0.22, 0
149.00, 0.10, 0
149.01, 0.11, 0
149.02, 0.18, 0
149.03, 0.26, 1
149.04, 0.32, 1
149.05, 0.32, 1
149.06, 0.33, 1
149.07, 0.36, 1
149.08, 0.40, 1
149.09, 0.41, 1
149.10, 0.46, 1
149.11, 0.51, 1
149.12, 0.54, 1
149.13, 0.61, 1
149.14, 0.61, 1
149.15, 0.59, 1
149.16, 0.52, 1
149.17, 0.39, 1
149.18, 0.22, 0
149.19, 0.14, 0
149.20, 0.31, 1
149.21, 0.43, 1
149.22, 0.54, 1
149.23, 0.55, 1
149.24, 0.53, 1
149.25, 0.48, 1
149.26, 0.39, 1
149.27, 0.32, 1
149.28, 0.24, 0
149.29, 0.17, 0
149.30, 0.16, 0
149.31, 0.15, 0
149.32, 0.15, 0
149.33, 0.25, 0
149.34, 0.28, 1
149.35, 0.29, 1
149.36, 0.31, 1
149.37, 0.30, 1
149.38, 0.28, 1
149.39, 0.26, 1
149.40, 0.27, 1
149.41, 0.27, 1
149.42, 0.24, 0
149.43, 0.17, 0
149.45, 0.08, 0
149.45, 0.02, 0
149.46, 0.08, 0
149.47, 0.19, 0
149.48, 0.32, 1
149.49, 0.48, 1
149.50, 0.60, 1
149.51, 0.68, 1
149.52, 0.78, 1
149.53, 0.83, 1
149.54, 0.72, 1
149.55, 0.54, 1
149.56, 0.38, 1
149.57, 0.14, 0
149.58, 0.13, 0
149.59, 0.31, 1
149.60, 0.41, 1
149.61, 0.42, 1
149.62, 0.40, 1
149.63, 0.33, 1
149.64, 0.28, 1
149.65, 0.24, 0
149.66, 0.23, 0
149.67, 0.20, 0
149.68, 0.23, 0
149.69, 0.34, 1
149.70, 0.37, 1
149.71, 0.45, 1
149.72, 0.52, 1
149.73, 0.51, 1
149.74, 0.55, 1
149.75, 0.59, 1
149.76, 0.58, 1
149.77, 0.55, 1
149.78, 0.52, 1
149.79, 0.47, 1
149.80, 0.42, 1
149.81, 0.29, 1
149.82, 0.24, 0
149.83, 0.26, 1
149.84, 0.28, 1
149.85, 0.38, 1
149.86, 0.44, 1
149.87, 0.45, 1
149.88, 0.43, 1
149.89, 0.41, 1
149.90, 0.35, 1
149.91, 0.30, 1
149.92, 0.23, 0
149.93, 0.11, 0
149.94, 0.10, 0
149.95, 0.17, 0
149.96, 0.28, 1
149.97, 0.39, 1
149.98, 0.41, 1
149.99, 0.39, 1
150.00, 0.38, 1
